Clique number;Diameter;Edge connectivity;Matching number;Planar ;Radius;Vertex connectivity;Largest L-eigenvalue ;Second largest Eigenvalue;Smallest Eigenvalue;Laplacian spectrum;Chromatic Number;Girth;Group Size;Domination number;Independence number;Chromatic Index
2.0000000;6.0000000;3.0000000;15.0000000;0.0000000;5.0000000;3.0000000;5.6199100;2.6771800;-2.6199100;0.3228200;3.0000000;5.0000000;1.0000000;9.0000000;13.0000000;4.0000000
2.0000000;6.0000000;3.0000000;15.0000000;0.0000000;4.0000000;3.0000000;5.6153300;2.7318700;-2.6153300;0.2681300;3.0000000;4.0000000;1.0000000;8.0000000;13.0000000;4.0000000
2.0000000;6.0000000;3.0000000;15.0000000;0.0000000;4.0000000;3.0000000;5.6270500;2.7575300;-2.6270500;0.2424700;3.0000000;5.0000000;1.0000000;9.0000000;13.0000000;4.0000000
2.0000000;6.0000000;3.0000000;15.0000000;0.0000000;4.0000000;3.0000000;5.6299700;2.7576800;-2.6299700;0.2423200;3.0000000;5.0000000;1.0000000;9.0000000;13.0000000;4.0000000
2.0000000;5.0000000;3.0000000;15.0000000;0.0000000;4.0000000;3.0000000;5.5709300;2.6208500;-2.5709300;0.3791500;3.0000000;5.0000000;1.0000000;9.0000000;13.0000000;4.0000000
2.0000000;6.0000000;3.0000000;15.0000000;0.0000000;4.0000000;3.0000000;5.7403400;2.5907800;-2.7403400;0.4092200;3.0000000;5.0000000;1.0000000;8.0000000;13.0000000;4.0000000
2.0000000;5.0000000;3.0000000;15.0000000;0.0000000;4.0000000;3.0000000;5.5871200;2.5788300;-2.5871200;0.4211700;3.0000000;5.0000000;1.0000000;8.0000000;13.0000000;4.0000000
2.0000000;6.0000000;3.0000000;15.0000000;0.0000000;4.0000000;3.0000000;5.7010200;2.5970200;-2.7010200;0.4029800;3.0000000;5.0000000;1.0000000;8.0000000;13.0000000;4.0000000
2.0000000;5.0000000;3.0000000;15.0000000;0.0000000;4.0000000;3.0000000;5.7036500;2.6284400;-2.7036500;0.3715600;3.0000000;5.0000000;1.0000000;8.0000000;13.0000000;4.0000000
2.0000000;6.0000000;3.0000000;15.0000000;0.0000000;4.0000000;3.0000000;5.5746000;2.6506000;-2.5746000;0.3494000;3.0000000;5.0000000;1.0000000;8.0000000;13.0000000;4.0000000
2.0000000;6.0000000;3.0000000;15.0000000;0.0000000;5.0000000;3.0000000;5.7127100;2.7676600;-2.7127100;0.2323400;3.0000000;5.0000000;2.0000000;8.0000000;13.0000000;4.0000000
2.0000000;6.0000000;3.0000000;15.0000000;0.0000000;4.0000000;3.0000000;5.5787900;2.7569400;-2.5787900;0.2430600;3.0000000;5.0000000;2.0000000;8.0000000;13.0000000;4.0000000
2.0000000;6.0000000;3.0000000;15.0000000;0.0000000;4.0000000;3.0000000;5.7033700;5.7485600;-2.7033700;0.2514400;3.0000000;5.0000000;1.0000000;8.0000000;13.0000000;4.0000000
2.0000000;6.0000000;3.0000000;15.0000000;0.0000000;4.0000000;3.0000000;5.7043400;2.7510300;-2.7043400;0.2489700;3.0000000;5.0000000;1.0000000;8.0000000;13.0000000;4.0000000
2.0000000;7.0000000;3.0000000;15.0000000;0.0000000;4.0000000;3.0000000;5.7652600;2.7742200;-2.7652600;0.2257800;3.0000000;5.0000000;2.0000000;8.0000000;13.0000000;4.0000000
2.0000000;6.0000000;3.0000000;15.0000000;0.0000000;4.0000000;3.0000000;5.6621800;2.7578900;-2.6621800;0.2421100;3.0000000;4.0000000;1.0000000;9.0000000;13.0000000;4.0000000
2.0000000;6.0000000;3.0000000;15.0000000;0.0000000;4.0000000;3.0000000;5.6588100;2.7637900;-2.6588100;0.2362100;3.0000000;5.0000000;8.0000000;9.0000000;13.0000000;4.0000000
2.0000000;6.0000000;3.0000000;15.0000000;0.0000000;4.0000000;3.0000000;5.6277400;2.7468100;-2.6277400;0.2531900;3.0000000;5.0000000;2.0000000;8.0000000;13.0000000;4.0000000
2.0000000;6.0000000;3.0000000;15.0000000;0.0000000;4.0000000;3.0000000;5.5739400;2.7470500;-2.5739400;0.2529500;3.0000000;5.0000000;1.0000000;8.0000000;13.0000000;4.0000000
2.0000000;6.0000000;3.0000000;15.0000000;0.0000000;4.0000000;3.0000000;5.6308300;2.7468200;-2.6308300;0.2531800;3.0000000;5.0000000;2.0000000;8.0000000;13.0000000;4.0000000
2.0000000;6.0000000;3.0000000;15.0000000;0.0000000;4.0000000;3.0000000;5.6783400;2.7437700;-2.6783400;0.2562300;3.0000000;4.0000000;1.0000000;9.0000000;13.0000000;4.0000000
2.0000000;6.0000000;3.0000000;15.0000000;0.0000000;4.0000000;3.0000000;5.6777000;2.7441100;-2.6777000;0.2558900;3.0000000;4.0000000;1.0000000;8.0000000;13.0000000;4.0000000
2.0000000;6.0000000;3.0000000;15.0000000;0.0000000;4.0000000;3.0000000;5.6888800;2.7440400;-2.6888800;0.2559600;3.0000000;4.0000000;1.0000000;8.0000000;13.0000000;4.0000000
2.0000000;6.0000000;3.0000000;15.0000000;0.0000000;4.0000000;3.0000000;5.7047600;2.7485100;-2.7047600;0.2514900;3.0000000;5.0000000;1.0000000;8.0000000;13.0000000;4.0000000
2.0000000;6.0000000;3.0000000;15.0000000;0.0000000;4.0000000;3.0000000;5.7043300;2.7485000;-2.7043300;0.2515000;3.0000000;5.0000000;1.0000000;8.0000000;13.0000000;4.0000000
2.0000000;6.0000000;3.0000000;15.0000000;0.0000000;4.0000000;3.0000000;5.6825000;2.7677200;-2.6825000;0.2322800;3.0000000;4.0000000;1.0000000;8.0000000;13.0000000;4.0000000
2.0000000;6.0000000;3.0000000;15.0000000;0.0000000;4.0000000;3.0000000;5.6888600;2.7589900;-2.6888600;0.2410100;3.0000000;4.0000000;2.0000000;9.0000000;13.0000000;4.0000000
2.0000000;6.0000000;3.0000000;15.0000000;0.0000000;4.0000000;3.0000000;5.6337800;2.7581700;-2.6337800;0.2418300;3.0000000;5.0000000;1.0000000;8.0000000;13.0000000;4.0000000
2.0000000;6.0000000;3.0000000;15.0000000;0.0000000;4.0000000;3.0000000;5.6387400;2.7581600;-2.6387400;0.2418400;3.0000000;5.0000000;1.0000000;8.0000000;13.0000000;4.0000000
2.0000000;6.0000000;3.0000000;15.0000000;0.0000000;4.0000000;3.0000000;5.5995900;2.6591200;-2.5995900;0.3408800;3.0000000;5.0000000;1.0000000;8.0000000;13.0000000;4.0000000
2.0000000;7.0000000;3.0000000;15.0000000;0.0000000;4.0000000;3.0000000;5.6364300;2.7812700;-2.6364300;0.2187300;3.0000000;5.0000000;2.0000000;9.0000000;13.0000000;4.0000000
2.0000000;6.0000000;3.0000000;15.0000000;0.0000000;4.0000000;3.0000000;5.6378700;2.7515000;-2.6378700;0.2485000;3.0000000;5.0000000;2.0000000;8.0000000;13.0000000;4.0000000
2.0000000;6.0000000;3.0000000;15.0000000;0.0000000;4.0000000;3.0000000;5.6082800;2.6651600;-2.6082800;0.3348400;3.0000000;5.0000000;1.0000000;9.0000000;13.0000000;4.0000000
2.0000000;6.0000000;3.0000000;15.0000000;0.0000000;4.0000000;3.0000000;5.6593000;2.6162900;-2.6593000;0.3837100;3.0000000;5.0000000;1.0000000;8.0000000;13.0000000;4.0000000
2.0000000;4.0000000;3.0000000;15.0000000;0.0000000;4.0000000;3.0000000;5.8300000;2.5620000;-2.5830000;0.4380000;3.0000000;6.0000000;;8.0000000;13.0000000;4.0000000
2.0000000;6.0000000;3.0000000;15.0000000;0.0000000;5.0000000;3.0000000;5.6960000;2.6500000;-2.6960000;0.3500000;3.0000000;5.0000000;;8.0000000;13.0000000;4.0000000
2.0000000;6.0000000;3.0000000;15.0000000;0.0000000;4.0000000;3.0000000;5.5740000;2.6320000;-2.5740000;0.3680000;3.0000000;5.0000000;;9.0000000;13.0000000;4.0000000
2.0000000;6.0000000;3.0000000;15.0000000;0.0000000;4.0000000;3.0000000;5.7500000;2.6700000;-2.7500000;0.3300000;3.0000000;5.0000000;;8.0000000;13.0000000;4.0000000
2.0000000;6.0000000;3.0000000;15.0000000;0.0000000;4.0000000;3.0000000;5.5280000;2.6320000;-2.5280000;0.3680000;3.0000000;5.0000000;;9.0000000;13.0000000;4.0000000
2.0000000;6.0000000;3.0000000;15.0000000;0.0000000;4.0000000;3.0000000;5.6630000;2.6400000;-2.6630000;0.3600000;3.0000000;5.0000000;;9.0000000;13.0000000;4.0000000
2.0000000;6.0000000;3.0000000;15.0000000;0.0000000;4.0000000;3.0000000;5.6850000;2.6280000;-2.6850000;0.3720000;3.0000000;5.0000000;;9.0000000;13.0000000;4.0000000
2.0000000;6.0000000;3.0000000;15.0000000;0.0000000;4.0000000;3.0000000;5.5820000;2.6980000;-2.5820000;0.3020000;3.0000000;5.0000000;;9.0000000;13.0000000;4.0000000
2.0000000;6.0000000;3.0000000;15.0000000;0.0000000;4.0000000;3.0000000;5.5680000;2.6880000;-2.5680000;0.3120000;3.0000000;5.0000000;;9.0000000;13.0000000;4.0000000
2.0000000;6.0000000;3.0000000;15.0000000;0.0000000;4.0000000;3.0000000;5.5790000;2.6860000;-2.5790000;0.3140000;3.0000000;5.0000000;;8.0000000;13.0000000;4.0000000
2.0000000;6.0000000;3.0000000;15.0000000;0.0000000;4.0000000;3.0000000;5.6800000;2.6220000;-2.6800000;0.3780000;3.0000000;5.0000000;;9.0000000;13.0000000;4.0000000
2.0000000;6.0000000;3.0000000;15.0000000;0.0000000;4.0000000;3.0000000;5.5520000;2.6010000;-2.5520000;0.3990000;3.0000000;5.0000000;;9.0000000;13.0000000;4.0000000
2.0000000;6.0000000;3.0000000;15.0000000;0.0000000;5.0000000;3.0000000;5.8040000;2.6910000;-2.8040000;0.3090000;3.0000000;5.0000000;;8.0000000;14.0000000;4.0000000
2.0000000;6.0000000;3.0000000;15.0000000;0.0000000;4.0000000;3.0000000;5.7140000;2.6970000;-2.7140000;0.3030000;3.0000000;5.0000000;;8.0000000;13.0000000;4.0000000
2.0000000;6.0000000;3.0000000;15.0000000;0.0000000;5.0000000;3.0000000;5.6480000;2.6750000;-2.6480000;0.3250000;3.0000000;5.0000000;;8.0000000;13.0000000;4.0000000
2.0000000;6.0000000;3.0000000;15.0000000;0.0000000;4.0000000;3.0000000;5.7480000;2.7060000;-2.7480000;0.2940000;3.0000000;5.0000000;;8.0000000;13.0000000;4.0000000
2.0000000;6.0000000;3.0000000;15.0000000;0.0000000;4.0000000;3.0000000;5.6890000;2.6890000;-2.6890000;0.3110000;3.0000000;5.0000000;;8.0000000;13.0000000;4.0000000
2.0000000;5.0000000;3.0000000;15.0000000;0.0000000;5.0000000;3.0000000;5.6120000;2.6780000;-2.6120000;0.3220000;3.0000000;5.0000000;;8.0000000;13.0000000;4.0000000
2.0000000;6.0000000;3.0000000;15.0000000;0.0000000;4.0000000;3.0000000;5.6710000;2.6690000;-2.6710000;0.3310000;3.0000000;5.0000000;;8.0000000;13.0000000;4.0000000
2.0000000;6.0000000;3.0000000;15.0000000;0.0000000;4.0000000;3.0000000;5.6780000;2.6880000;-2.6780000;0.3120000;3.0000000;5.0000000;;8.0000000;13.0000000;4.0000000
2.0000000;6.0000000;3.0000000;15.0000000;0.0000000;4.0000000;3.0000000;5.5740000;2.7040000;-2.5740000;0.2940000;3.0000000;5.0000000;;8.0000000;13.0000000;4.0000000
2.0000000;6.0000000;3.0000000;15.0000000;0.0000000;5.0000000;3.0000000;5.7090000;2.6910000;-2.7090000;0.3090000;3.0000000;5.0000000;;8.0000000;13.0000000;4.0000000
2.0000000;6.0000000;3.0000000;15.0000000;0.0000000;4.0000000;3.0000000;5.5100000;2.6970000;-2.5100000;0.3030000;3.0000000;5.0000000;;8.0000000;13.0000000;4.0000000
2.0000000;6.0000000;3.0000000;15.0000000;0.0000000;5.0000000;3.0000000;5.5310000;2.6990000;-2.5310000;0.3010000;3.0000000;5.0000000;;8.0000000;13.0000000;4.0000000
2.0000000;6.0000000;3.0000000;15.0000000;0.0000000;4.0000000;3.0000000;5.5680000;2.6890000;-2.5680000;0.3110000;3.0000000;5.0000000;;8.0000000;13.0000000;4.0000000
2.0000000;6.0000000;3.0000000;15.0000000;0.0000000;4.0000000;3.0000000;5.7650000;2.6300000;-2.7650000;0.3700000;3.0000000;5.0000000;;9.0000000;13.0000000;4.0000000
2.0000000;6.0000000;3.0000000;15.0000000;0.0000000;4.0000000;3.0000000;5.7390000;2.6980000;-2.7390000;0.3020000;3.0000000;5.0000000;;9.0000000;13.0000000;4.0000000
2.0000000;6.0000000;3.0000000;15.0000000;0.0000000;4.0000000;3.0000000;5.7640000;2.6180000;-2.7640000;0.3820000;3.0000000;5.0000000;;8.0000000;13.0000000;4.0000000
2.0000000;6.0000000;3.0000000;15.0000000;0.0000000;4.0000000;3.0000000;5.6810000;2.5870000;-2.6810000;0.4130000;3.0000000;5.0000000;;9.0000000;13.0000000;4.0000000
2.0000000;6.0000000;3.0000000;15.0000000;0.0000000;4.0000000;3.0000000;5.5440000;2.6630000;-2.5440000;0.3370000;3.0000000;5.0000000;;9.0000000;13.0000000;4.0000000
2.0000000;6.0000000;3.0000000;15.0000000;0.0000000;4.0000000;3.0000000;5.5320000;2.6210000;-2.5320000;0.3790000;3.0000000;5.0000000;;9.0000000;13.0000000;4.0000000
2.0000000;6.0000000;3.0000000;15.0000000;0.0000000;5.0000000;3.0000000;5.5570000;2.6320000;-2.5570000;0.3680000;3.0000000;5.0000000;;9.0000000;13.0000000;4.0000000
2.0000000;6.0000000;3.0000000;15.0000000;0.0000000;5.0000000;3.0000000;5.6960000;2.6670000;-2.6960000;0.3330000;3.0000000;5.0000000;;8.0000000;13.0000000;4.0000000
2.0000000;6.0000000;3.0000000;15.0000000;0.0000000;4.0000000;3.0000000;5.6190000;2.6290000;-2.6190000;0.3710000;3.0000000;5.0000000;;9.0000000;13.0000000;4.0000000
2.0000000;6.0000000;3.0000000;15.0000000;0.0000000;4.0000000;3.0000000;5.7500000;2.6250000;-2.7500000;0.3750000;3.0000000;5.0000000;;9.0000000;13.0000000;4.0000000
2.0000000;6.0000000;3.0000000;15.0000000;0.0000000;4.0000000;3.0000000;5.6250000;2.6390000;-2.6250000;0.3610000;3.0000000;5.0000000;;9.0000000;13.0000000;4.0000000
2.0000000;6.0000000;3.0000000;15.0000000;0.0000000;4.0000000;3.0000000;5.6790000;2.6370000;-2.6790000;0.3630000;3.0000000;5.0000000;;9.0000000;13.0000000;4.0000000
2.0000000;6.0000000;3.0000000;15.0000000;0.0000000;4.0000000;3.0000000;5.6120000;2.6220000;-2.6120000;0.3780000;3.0000000;5.0000000;;9.0000000;13.0000000;4.0000000
2.0000000;5.0000000;3.0000000;15.0000000;0.0000000;4.0000000;3.0000000;5.6080000;2.6700000;-2.6080000;0.3300000;3.0000000;5.0000000;;8.0000000;12.0000000;4.0000000
2.0000000;6.0000000;3.0000000;15.0000000;0.0000000;4.0000000;3.0000000;5.6930000;2.6310000;-2.6930000;0.3690000;3.0000000;5.0000000;;9.0000000;13.0000000;4.0000000
2.0000000;6.0000000;3.0000000;15.0000000;0.0000000;4.0000000;3.0000000;5.7660000;2.6390000;-2.7660000;0.3610000;3.0000000;5.0000000;;9.0000000;13.0000000;4.0000000
2.0000000;6.0000000;3.0000000;15.0000000;0.0000000;4.0000000;3.0000000;5.7520000;2.6350000;-2.7520000;0.3650000;3.0000000;5.0000000;;9.0000000;13.0000000;4.0000000
2.0000000;6.0000000;3.0000000;15.0000000;0.0000000;4.0000000;3.0000000;5.6820000;2.6600000;-2.6820000;0.3400000;3.0000000;5.0000000;;8.0000000;13.0000000;4.0000000
2.0000000;6.0000000;3.0000000;15.0000000;0.0000000;5.0000000;3.0000000;5.6660000;2.6830000;-2.6660000;0.3170000;3.0000000;5.0000000;;9.0000000;13.0000000;4.0000000
2.0000000;6.0000000;3.0000000;15.0000000;0.0000000;5.0000000;3.0000000;5.6890000;2.6990000;-2.6890000;0.3010000;3.0000000;5.0000000;;8.0000000;13.0000000;4.0000000
2.0000000;6.0000000;3.0000000;15.0000000;0.0000000;4.0000000;3.0000000;5.6620000;2.6630000;-2.6620000;0.3370000;3.0000000;5.0000000;;9.0000000;13.0000000;4.0000000
2.0000000;6.0000000;3.0000000;15.0000000;0.0000000;4.0000000;3.0000000;5.5580000;2.6200000;-2.5580000;0.3800000;3.0000000;5.0000000;;9.0000000;13.0000000;4.0000000
2.0000000;6.0000000;3.0000000;15.0000000;0.0000000;4.0000000;3.0000000;5.6600000;2.6140000;-2.6600000;0.3860000;3.0000000;5.0000000;;9.0000000;13.0000000;4.0000000
2.0000000;6.0000000;3.0000000;15.0000000;0.0000000;4.0000000;3.0000000;5.6080000;2.6370000;-2.6080000;0.3630000;3.0000000;5.0000000;;8.0000000;13.0000000;4.0000000
2.0000000;6.0000000;3.0000000;15.0000000;0.0000000;4.0000000;3.0000000;5.7080000;2.6340000;-2.7080000;0.3660000;3.0000000;5.0000000;;9.0000000;13.0000000;4.0000000
2.0000000;6.0000000;3.0000000;15.0000000;0.0000000;4.0000000;3.0000000;5.6960000;2.6180000;-2.6960000;0.3820000;3.0000000;5.0000000;;8.0000000;13.0000000;4.0000000
2.0000000;5.0000000;3.0000000;15.0000000;0.0000000;4.0000000;3.0000000;5.5960000;2.6560000;-2.5960000;0.3440000;3.0000000;5.0000000;;8.0000000;12.0000000;4.0000000
2.0000000;6.0000000;3.0000000;15.0000000;0.0000000;5.0000000;3.0000000;5.6620000;2.6450000;-2.6620000;0.3550000;3.0000000;5.0000000;;9.0000000;13.0000000;4.0000000
2.0000000;6.0000000;3.0000000;15.0000000;0.0000000;4.0000000;3.0000000;5.5160000;2.6170000;-2.5160000;0.3830000;3.0000000;5.0000000;;9.0000000;13.0000000;4.0000000
2.0000000;6.0000000;3.0000000;15.0000000;0.0000000;4.0000000;3.0000000;5.5750000;2.6280000;-2.5750000;0.3720000;3.0000000;5.0000000;;9.0000000;13.0000000;4.0000000
2.0000000;5.0000000;3.0000000;15.0000000;0.0000000;4.0000000;3.0000000;5.5260000;2.6310000;-2.5260000;0.3690000;3.0000000;5.0000000;;8.0000000;13.0000000;4.0000000
2.0000000;6.0000000;3.0000000;15.0000000;0.0000000;4.0000000;3.0000000;5.6690000;2.6350000;-2.6690000;0.3650000;3.0000000;5.0000000;;9.0000000;13.0000000;4.0000000
2.0000000;6.0000000;3.0000000;15.0000000;0.0000000;4.0000000;3.0000000;5.6600000;2.5980000;-2.6600000;0.4020000;3.0000000;5.0000000;;9.0000000;13.0000000;4.0000000
2.0000000;6.0000000;3.0000000;15.0000000;0.0000000;4.0000000;3.0000000;5.6950000;2.6180000;-2.6950000;0.3820000;3.0000000;5.0000000;;9.0000000;13.0000000;4.0000000
2.0000000;6.0000000;3.0000000;15.0000000;0.0000000;4.0000000;3.0000000;5.5410000;2.6160000;-2.5410000;0.3840000;3.0000000;5.0000000;;8.0000000;12.0000000;4.0000000
2.0000000;5.0000000;3.0000000;15.0000000;0.0000000;4.0000000;3.0000000;5.7760000;2.6560000;-2.7760000;0.3440000;3.0000000;5.0000000;;8.0000000;13.0000000;4.0000000
2.0000000;6.0000000;3.0000000;15.0000000;0.0000000;4.0000000;3.0000000;5.5440000;2.6320000;-2.5440000;0.3680000;3.0000000;5.0000000;;9.0000000;13.0000000;4.0000000
2.0000000;6.0000000;3.0000000;15.0000000;0.0000000;4.0000000;3.0000000;5.5380000;2.6200000;-2.5380000;0.3800000;3.0000000;5.0000000;;9.0000000;12.0000000;4.0000000
2.0000000;6.0000000;3.0000000;15.0000000;0.0000000;4.0000000;3.0000000;5.6160000;2.6020000;-2.6160000;0.3980000;3.0000000;5.0000000;;9.0000000;13.0000000;4.0000000
2.0000000;6.0000000;3.0000000;15.0000000;0.0000000;4.0000000;3.0000000;5.6890000;2.6940000;-2.6890000;0.3060000;3.0000000;5.0000000;;9.0000000;13.0000000;4.0000000
2.0000000;6.0000000;3.0000000;15.0000000;0.0000000;4.0000000;3.0000000;5.7640000;2.6190000;-2.7640000;0.3810000;3.0000000;5.0000000;;8.0000000;13.0000000;4.0000000
2.0000000;6.0000000;3.0000000;15.0000000;0.0000000;4.0000000;3.0000000;5.7410000;2.6910000;-2.7410000;0.3090000;3.0000000;5.0000000;;9.0000000;13.0000000;4.0000000
2.0000000;6.0000000;3.0000000;15.0000000;0.0000000;4.0000000;3.0000000;5.6900000;2.6880000;-2.6900000;0.3120000;3.0000000;5.0000000;;9.0000000;13.0000000;4.0000000
2.0000000;5.0000000;3.0000000;15.0000000;0.0000000;5.0000000;3.0000000;5.5710000;2.6490000;-2.5710000;0.3510000;3.0000000;5.0000000;;8.0000000;13.0000000;4.0000000
2.0000000;6.0000000;3.0000000;15.0000000;0.0000000;4.0000000;3.0000000;5.6750000;2.6020000;-2.6750000;0.3980000;3.0000000;5.0000000;;9.0000000;13.0000000;4.0000000
2.0000000;6.0000000;3.0000000;15.0000000;0.0000000;4.0000000;3.0000000;5.6070000;2.6900000;-2.6070000;0.3100000;3.0000000;5.0000000;;9.0000000;13.0000000;4.0000000
2.0000000;6.0000000;3.0000000;15.0000000;0.0000000;4.0000000;3.0000000;5.5670000;2.6940000;-2.5670000;0.3060000;3.0000000;5.0000000;;9.0000000;13.0000000;4.0000000
2.0000000;6.0000000;3.0000000;15.0000000;0.0000000;4.0000000;3.0000000;5.6860000;2.6070000;-2.6860000;0.3930000;3.0000000;5.0000000;;9.0000000;13.0000000;4.0000000
2.0000000;6.0000000;3.0000000;15.0000000;0.0000000;5.0000000;3.0000000;5.5690000;2.6030000;-2.5690000;0.3970000;3.0000000;5.0000000;;8.0000000;13.0000000;4.0000000
2.0000000;6.0000000;3.0000000;15.0000000;0.0000000;5.0000000;3.0000000;5.6610000;2.6290000;-2.6610000;0.3710000;3.0000000;5.0000000;;9.0000000;13.0000000;4.0000000
2.0000000;5.0000000;3.0000000;15.0000000;0.0000000;5.0000000;3.0000000;5.5650000;2.6660000;-2.5650000;0.3340000;3.0000000;5.0000000;;8.0000000;12.0000000;4.0000000
2.0000000;6.0000000;3.0000000;15.0000000;0.0000000;4.0000000;3.0000000;5.6810000;2.6100000;-2.6810000;0.3900000;3.0000000;5.0000000;;9.0000000;13.0000000;4.0000000
2.0000000;6.0000000;3.0000000;15.0000000;0.0000000;5.0000000;3.0000000;5.5800000;2.6800000;-2.5800000;0.3200000;3.0000000;5.0000000;;9.0000000;13.0000000;4.0000000
2.0000000;6.0000000;3.0000000;15.0000000;0.0000000;4.0000000;3.0000000;5.6810000;2.6010000;-2.6810000;0.3990000;3.0000000;5.0000000;;9.0000000;13.0000000;4.0000000
2.0000000;6.0000000;3.0000000;15.0000000;0.0000000;4.0000000;3.0000000;5.6790000;2.6760000;-2.6790000;0.3240000;3.0000000;5.0000000;;9.0000000;13.0000000;4.0000000
2.0000000;6.0000000;3.0000000;15.0000000;0.0000000;4.0000000;3.0000000;5.6930000;2.6760000;-2.6930000;0.3240000;3.0000000;5.0000000;;9.0000000;13.0000000;4.0000000
2.0000000;6.0000000;3.0000000;15.0000000;0.0000000;4.0000000;3.0000000;5.6660000;2.6770000;-2.6660000;0.3230000;3.0000000;5.0000000;;9.0000000;13.0000000;4.0000000
2.0000000;6.0000000;3.0000000;15.0000000;0.0000000;4.0000000;3.0000000;5.5460000;2.6100000;-2.5460000;0.3900000;3.0000000;5.0000000;;9.0000000;13.0000000;4.0000000
2.0000000;6.0000000;3.0000000;15.0000000;0.0000000;4.0000000;3.0000000;5.7050000;2.6280000;-2.7050000;0.3720000;3.0000000;5.0000000;;9.0000000;13.0000000;4.0000000
2.0000000;6.0000000;3.0000000;15.0000000;0.0000000;4.0000000;3.0000000;5.6090000;2.6180000;-2.6090000;0.3820000;3.0000000;5.0000000;;8.0000000;13.0000000;4.0000000
2.0000000;6.0000000;3.0000000;15.0000000;0.0000000;4.0000000;3.0000000;5.4920000;2.6740000;-2.4920000;0.3260000;3.0000000;5.0000000;;9.0000000;13.0000000;4.0000000
2.0000000;6.0000000;3.0000000;15.0000000;0.0000000;4.0000000;3.0000000;5.5380000;2.6720000;-2.5380000;0.3280000;3.0000000;5.0000000;;9.0000000;12.0000000;4.0000000
2.0000000;6.0000000;3.0000000;15.0000000;0.0000000;4.0000000;3.0000000;5.5250000;2.6730000;-2.5250000;0.3270000;3.0000000;5.0000000;;9.0000000;13.0000000;4.0000000
2.0000000;6.0000000;3.0000000;15.0000000;0.0000000;4.0000000;3.0000000;5.6320000;2.6810000;-2.6320000;0.3190000;3.0000000;5.0000000;;9.0000000;13.0000000;4.0000000
2.0000000;6.0000000;3.0000000;15.0000000;0.0000000;4.0000000;3.0000000;5.5780000;2.6600000;-2.5780000;0.3400000;3.0000000;5.0000000;;8.0000000;13.0000000;4.0000000
2.0000000;6.0000000;3.0000000;15.0000000;0.0000000;4.0000000;3.0000000;5.7520000;2.6040000;-2.7520000;0.3960000;3.0000000;5.0000000;;9.0000000;13.0000000;4.0000000
2.0000000;6.0000000;3.0000000;15.0000000;0.0000000;4.0000000;3.0000000;5.6890000;2.5970000;-2.6890000;0.4030000;3.0000000;5.0000000;;9.0000000;13.0000000;4.0000000
2.0000000;6.0000000;3.0000000;15.0000000;0.0000000;4.0000000;3.0000000;5.6880000;2.5840000;-2.6880000;0.4160000;3.0000000;5.0000000;;9.0000000;13.0000000;4.0000000
2.0000000;6.0000000;3.0000000;15.0000000;0.0000000;4.0000000;3.0000000;5.6220000;2.5840000;-2.6220000;0.4160000;3.0000000;5.0000000;;9.0000000;13.0000000;4.0000000
2.0000000;6.0000000;3.0000000;15.0000000;0.0000000;5.0000000;3.0000000;5.6240000;2.6460000;-2.6240000;0.3540000;3.0000000;5.0000000;;9.0000000;13.0000000;4.0000000
2.0000000;6.0000000;3.0000000;15.0000000;0.0000000;4.0000000;3.0000000;5.6330000;2.6070000;-2.6330000;0.3930000;3.0000000;5.0000000;;8.0000000;13.0000000;4.0000000
2.0000000;6.0000000;3.0000000;15.0000000;0.0000000;4.0000000;3.0000000;5.7160000;2.6310000;-2.7160000;0.3690000;3.0000000;5.0000000;;8.0000000;13.0000000;4.0000000
2.0000000;5.0000000;3.0000000;15.0000000;0.0000000;4.0000000;3.0000000;5.6600000;2.5870000;-2.6600000;0.4130000;3.0000000;5.0000000;;9.0000000;13.0000000;4.0000000
2.0000000;6.0000000;3.0000000;15.0000000;0.0000000;4.0000000;3.0000000;5.5670000;2.6220000;-2.5670000;0.3780000;3.0000000;5.0000000;;9.0000000;13.0000000;4.0000000
2.0000000;6.0000000;3.0000000;15.0000000;0.0000000;4.0000000;3.0000000;5.6600000;2.6600000;-2.6600000;0.3400000;3.0000000;5.0000000;;9.0000000;13.0000000;4.0000000
2.0000000;6.0000000;3.0000000;15.0000000;0.0000000;4.0000000;3.0000000;5.6080000;2.6070000;-2.6080000;0.3930000;3.0000000;5.0000000;;9.0000000;13.0000000;4.0000000
2.0000000;6.0000000;3.0000000;15.0000000;0.0000000;4.0000000;3.0000000;5.6690000;2.6100000;-2.6690000;0.3900000;3.0000000;5.0000000;;9.0000000;13.0000000;4.0000000
2.0000000;6.0000000;3.0000000;15.0000000;0.0000000;4.0000000;3.0000000;5.7140000;2.6820000;-2.7140000;0.3180000;3.0000000;5.0000000;;9.0000000;13.0000000;4.0000000
2.0000000;5.0000000;3.0000000;15.0000000;0.0000000;4.0000000;3.0000000;5.7790000;2.6700000;-2.7790000;0.3300000;3.0000000;5.0000000;;8.0000000;13.0000000;4.0000000
2.0000000;6.0000000;3.0000000;15.0000000;0.0000000;4.0000000;3.0000000;5.5390000;2.6280000;-2.5390000;0.3720000;3.0000000;5.0000000;;8.0000000;13.0000000;4.0000000
2.0000000;6.0000000;3.0000000;15.0000000;0.0000000;4.0000000;3.0000000;5.5460000;2.6280000;-2.5460000;0.3720000;3.0000000;5.0000000;;9.0000000;13.0000000;4.0000000
2.0000000;6.0000000;3.0000000;15.0000000;0.0000000;4.0000000;3.0000000;5.6790000;2.6280000;-2.6790000;0.3720000;3.0000000;5.0000000;;9.0000000;13.0000000;4.0000000
2.0000000;6.0000000;3.0000000;15.0000000;0.0000000;4.0000000;3.0000000;5.8430000;2.6360000;-2.8430000;0.3640000;3.0000000;5.0000000;;8.0000000;14.0000000;4.0000000
3.0000000;10.0000000;1.0000000;14.0000000;0.0000000;5.0000000;3.0000000;5.9120000;2.9540000;-2.9120000;0.0460000;3.0000000;3.0000000;;9.0000000;14.0000000;4.0000000
3.0000000;10.0000000;1.0000000;14.0000000;0.0000000;5.0000000;3.0000000;5.8610000;2.9500000;-2.8610000;0.0500000;3.0000000;3.0000000;;9.0000000;14.0000000;4.0000000
3.0000000;9.0000000;1.0000000;14.0000000;0.0000000;5.0000000;3.0000000;5.8610000;2.9460000;-2.8610000;0.0540000;3.0000000;3.0000000;;9.0000000;13.0000000;4.0000000
3.0000000;9.0000000;1.0000000;14.0000000;0.0000000;5.0000000;3.0000000;5.7320000;2.9340000;-2.7320000;0.0660000;3.0000000;3.0000000;;9.0000000;13.0000000;4.0000000
2.0000000;10.0000000;1.0000000;14.0000000;0.0000000;5.0000000;3.0000000;5.8540000;2.9440000;-2.8540000;0.0560000;3.0000000;4.0000000;;9.0000000;14.0000000;4.0000000
3.0000000;10.0000000;1.0000000;14.0000000;0.0000000;5.0000000;3.0000000;5.9120000;2.9530000;-2.9120000;0.0470000;3.0000000;3.0000000;;8.0000000;14.0000000;4.0000000
3.0000000;10.0000000;1.0000000;14.0000000;0.0000000;6.0000000;3.0000000;5.9550000;2.9570000;-2.9550000;0.0430000;3.0000000;3.0000000;;9.0000000;14.0000000;4.0000000
3.0000000;10.0000000;1.0000000;14.0000000;0.0000000;5.0000000;3.0000000;5.9390000;2.9550000;-2.9390000;0.0450000;3.0000000;3.0000000;;9.0000000;14.0000000;4.0000000
3.0000000;9.0000000;1.0000000;14.0000000;0.0000000;5.0000000;3.0000000;5.9120000;2.9480000;-2.9120000;0.0520000;3.0000000;3.0000000;;8.0000000;14.0000000;4.0000000
3.0000000;9.0000000;2.0000000;15.0000000;0.0000000;6.0000000;3.0000000;5.3670000;2.9200000;-2.3670000;0.0800000;3.0000000;3.0000000;;8.0000000;12.0000000;4.0000000
2.0000000;6.0000000;3.0000000;15.0000000;0.0000000;5.0000000;3.0000000;5.6030000;2.6820000;-2.6030000;0.3180000;3.0000000;5.0000000;;9.0000000;13.0000000;4.0000000
2.0000000;9.0000000;2.0000000;15.0000000;0.0000000;5.0000000;3.0000000;5.4810000;2.9200000;-2.4810000;0.0800000;3.0000000;5.0000000;;9.0000000;12.0000000;4.0000000
3.0000000;5.0000000;3.0000000;15.0000000;0.0000000;5.0000000;3.0000000;5.5000000;2.5620000;-2.0000000;0.4380000;3.0000000;3.0000000;;9.0000000;10.0000000;4.0000000
2.0000000;5.0000000;3.0000000;15.0000000;0.0000000;5.0000000;3.0000000;5.5140000;2.7320000;-2.5140000;0.2680000;3.0000000;5.0000000;;9.0000000;13.0000000;4.0000000
2.0000000;7.0000000;2.0000000;15.0000000;0.0000000;5.0000000;3.0000000;5.5540000;2.8730000;-2.5540000;0.1270000;3.0000000;5.0000000;;8.0000000;13.0000000;4.0000000
2.0000000;7.0000000;2.0000000;15.0000000;0.0000000;5.0000000;3.0000000;5.5350000;2.8570000;-2.5350000;0.1430000;3.0000000;5.0000000;;8.0000000;13.0000000;4.0000000
2.0000000;7.0000000;2.0000000;15.0000000;0.0000000;5.0000000;3.0000000;5.5140000;2.8810000;-2.5140000;0.1190000;3.0000000;5.0000000;;9.0000000;13.0000000;4.0000000
2.0000000;7.0000000;2.0000000;15.0000000;0.0000000;5.0000000;3.0000000;5.4560000;2.8510000;-2.4560000;0.1490000;3.0000000;5.0000000;;9.0000000;12.0000000;4.0000000
2.0000000;6.0000000;3.0000000;15.0000000;0.0000000;5.0000000;3.0000000;5.5140000;2.7700000;-2.5140000;0.2300000;3.0000000;5.0000000;;9.0000000;13.0000000;4.0000000
2.0000000;7.0000000;3.0000000;15.0000000;0.0000000;5.0000000;3.0000000;5.5320000;2.7970000;-2.5320000;0.2030000;3.0000000;5.0000000;;8.0000000;13.0000000;4.0000000
2.0000000;7.0000000;3.0000000;15.0000000;0.0000000;3.0000000;3.0000000;5.5400000;2.7950000;-2.5400000;0.2050000;3.0000000;5.0000000;;9.0000000;13.0000000;4.0000000
2.0000000;7.0000000;2.0000000;15.0000000;0.0000000;5.0000000;3.0000000;5.4690000;2.8950000;-2.4690000;0.1050000;3.0000000;5.0000000;;8.0000000;12.0000000;4.0000000
2.0000000;7.0000000;2.0000000;15.0000000;0.0000000;7.0000000;3.0000000;5.4330000;2.8510000;-2.4330000;0.1490000;3.0000000;5.0000000;;9.0000000;12.0000000;4.0000000
3.0000000;9.0000000;2.0000000;15.0000000;0.0000000;6.0000000;3.0000000;5.3670000;2.9200000;-2.3670000;0.0800000;3.0000000;3.0000000;;8.0000000;12.0000000;4.0000000
3.0000000;7.0000000;2.0000000;15.0000000;0.0000000;4.0000000;3.0000000;5.5210000;2.8840000;-2.5210000;0.1160000;3.0000000;3.0000000;;8.0000000;12.0000000;4.0000000
3.0000000;9.0000000;2.0000000;15.0000000;0.0000000;7.0000000;3.0000000;5.5210000;2.8800000;-2.5210000;0.1200000;3.0000000;3.0000000;;8.0000000;13.0000000;4.0000000
3.0000000;9.0000000;2.0000000;15.0000000;0.0000000;5.0000000;3.0000000;5.4810000;2.9200000;-2.4810000;0.0800000;3.0000000;3.0000000;;9.0000000;12.0000000;4.0000000
3.0000000;7.0000000;2.0000000;15.0000000;0.0000000;5.0000000;3.0000000;5.4560000;2.8510000;-2.4560000;0.1490000;3.0000000;3.0000000;;8.0000000;12.0000000;4.0000000
3.0000000;9.0000000;2.0000000;15.0000000;0.0000000;5.0000000;3.0000000;5.5350000;2.9090000;-2.5350000;0.0910000;3.0000000;3.0000000;;8.0000000;13.0000000;4.0000000
3.0000000;10.0000000;2.0000000;15.0000000;0.0000000;7.0000000;3.0000000;5.3730000;2.9120000;-2.3730000;0.0880000;3.0000000;3.0000000;;8.0000000;12.0000000;4.0000000
3.0000000;9.0000000;2.0000000;15.0000000;0.0000000;7.0000000;3.0000000;5.5350000;2.9090000;-2.5350000;0.0910000;3.0000000;3.0000000;;8.0000000;13.0000000;4.0000000
3.0000000;7.0000000;2.0000000;15.0000000;0.0000000;5.0000000;3.0000000;5.5140000;2.8810000;-2.5140000;0.1190000;3.0000000;3.0000000;;8.0000000;13.0000000;4.0000000
3.0000000;8.0000000;2.0000000;15.0000000;0.0000000;8.0000000;3.0000000;5.8560000;2.8990000;-2.8560000;0.1010000;3.0000000;3.0000000;;9.0000000;13.0000000;4.0000000
3.0000000;8.0000000;2.0000000;15.0000000;0.0000000;8.0000000;3.0000000;5.3800000;2.9020000;-2.3800000;0.0980000;3.0000000;3.0000000;;9.0000000;12.0000000;4.0000000
3.0000000;9.0000000;2.0000000;15.0000000;0.0000000;8.0000000;3.0000000;5.5100000;2.8970000;-2.5100000;0.1030000;3.0000000;3.0000000;;8.0000000;13.0000000;4.0000000
3.0000000;8.0000000;2.0000000;15.0000000;0.0000000;8.0000000;3.0000000;5.3740000;2.9060000;-2.3740000;0.0940000;3.0000000;3.0000000;;8.0000000;12.0000000;4.0000000
3.0000000;7.0000000;2.0000000;15.0000000;0.0000000;5.0000000;3.0000000;5.4690000;2.8950000;-2.4690000;0.1050000;3.0000000;3.0000000;;8.0000000;12.0000000;4.0000000
3.0000000;8.0000000;2.0000000;15.0000000;0.0000000;8.0000000;3.0000000;5.4050000;2.9050000;-2.4050000;0.0950000;3.0000000;3.0000000;;8.0000000;12.0000000;4.0000000
3.0000000;9.0000000;2.0000000;15.0000000;0.0000000;8.0000000;3.0000000;5.5130000;2.9060000;-2.5130000;0.0940000;3.0000000;3.0000000;;8.0000000;13.0000000;4.0000000
3.0000000;7.0000000;2.0000000;15.0000000;0.0000000;6.0000000;3.0000000;5.5300000;2.8640000;-2.5300000;0.1360000;3.0000000;3.0000000;;8.0000000;13.0000000;4.0000000
3.0000000;7.0000000;2.0000000;15.0000000;0.0000000;6.0000000;3.0000000;5.5290000;2.8510000;-2.5290000;0.1490000;3.0000000;3.0000000;;9.0000000;13.0000000;4.0000000
3.0000000;7.0000000;2.0000000;15.0000000;0.0000000;6.0000000;3.0000000;5.4240000;2.8520000;-2.4240000;0.1480000;3.0000000;3.0000000;;8.0000000;12.0000000;4.0000000
3.0000000;7.0000000;2.0000000;15.0000000;0.0000000;7.0000000;3.0000000;5.4140000;2.8590000;-2.4140000;0.1410000;3.0000000;3.0000000;;8.0000000;12.0000000;4.0000000
3.0000000;7.0000000;2.0000000;15.0000000;0.0000000;6.0000000;3.0000000;5.5090000;2.8510000;-2.5090000;0.1490000;3.0000000;3.0000000;;8.0000000;13.0000000;4.0000000
3.0000000;9.0000000;2.0000000;15.0000000;0.0000000;7.0000000;3.0000000;5.4140000;2.8910000;-2.4140000;0.1090000;3.0000000;3.0000000;;8.0000000;12.0000000;4.0000000
2.0000000;5.0000000;2.0000000;15.0000000;0.0000000;4.0000000;3.0000000;6.8330000;2.2740000;-2.9800000;0.5830000;3.0000000;4.0000000;20.0000000;10.0000000;12.0000000;4.0000000
3.0000000;9.0000000;2.0000000;15.0000000;0.0000000;7.0000000;3.0000000;5.4140000;2.8910000;-2.4140000;0.1090000;3.0000000;3.0000000;128.0000000;8.0000000;12.0000000;4.0000000
3.0000000;9.0000000;2.0000000;15.0000000;0.0000000;7.0000000;3.0000000;5.5350000;2.9090000;-2.5350000;0.0910000;3.0000000;3.0000000;64.0000000;8.0000000;13.0000000;4.0000000
3.0000000;7.0000000;2.0000000;15.0000000;0.0000000;7.0000000;3.0000000;5.4330000;2.8510000;-2.4330000;0.1490000;3.0000000;3.0000000;256.0000000;8.0000000;12.0000000;4.0000000
3.0000000;9.0000000;2.0000000;15.0000000;0.0000000;5.0000000;3.0000000;5.5350000;2.9090000;-2.5350000;0.0910000;3.0000000;3.0000000;64.0000000;8.0000000;13.0000000;4.0000000
3.0000000;7.0000000;2.0000000;15.0000000;0.0000000;7.0000000;3.0000000;5.5620000;2.8510000;-2.5620000;0.1490000;3.0000000;3.0000000;128.0000000;8.0000000;13.0000000;4.0000000
3.0000000;7.0000000;2.0000000;15.0000000;0.0000000;5.0000000;3.0000000;5.5350000;2.8570000;-2.5350000;0.1430000;3.0000000;3.0000000;32.0000000;8.0000000;13.0000000;4.0000000
3.0000000;7.0000000;2.0000000;15.0000000;0.0000000;6.0000000;3.0000000;5.5090000;2.8510000;-2.5090000;0.1490000;3.0000000;3.0000000;16.0000000;8.0000000;13.0000000;4.0000000
3.0000000;7.0000000;2.0000000;15.0000000;0.0000000;7.0000000;3.0000000;5.4140000;2.8590000;-2.4140000;0.1410000;3.0000000;3.0000000;64.0000000;8.0000000;12.0000000;4.0000000
3.0000000;7.0000000;2.0000000;15.0000000;0.0000000;6.0000000;3.0000000;5.5290000;2.8510000;-2.5290000;0.1490000;3.0000000;3.0000000;32.0000000;8.0000000;13.0000000;4.0000000
3.0000000;7.0000000;2.0000000;15.0000000;0.0000000;6.0000000;3.0000000;5.4240000;2.8520000;-2.4240000;0.1480000;3.0000000;3.0000000;32.0000000;8.0000000;12.0000000;4.0000000
3.0000000;7.0000000;2.0000000;15.0000000;0.0000000;7.0000000;3.0000000;5.4140000;2.8650000;-2.4140000;0.1350000;3.0000000;3.0000000;64.0000000;8.0000000;12.0000000;4.0000000
3.0000000;7.0000000;2.0000000;15.0000000;0.0000000;6.0000000;3.0000000;5.5350000;2.8660000;-2.5350000;0.1340000;3.0000000;3.0000000;32.0000000;8.0000000;13.0000000;4.0000000
3.0000000;7.0000000;2.0000000;15.0000000;0.0000000;6.0000000;3.0000000;5.4140000;2.8650000;-2.4140000;0.1350000;3.0000000;3.0000000;64.0000000;8.0000000;12.0000000;4.0000000
3.0000000;7.0000000;2.0000000;15.0000000;0.0000000;6.0000000;3.0000000;5.8520000;2.8650000;-2.8520000;0.1350000;3.0000000;3.0000000;128.0000000;8.0000000;13.0000000;4.0000000
3.0000000;9.0000000;2.0000000;15.0000000;0.0000000;5.0000000;3.0000000;5.5130000;2.9060000;-2.5130000;0.0940000;3.0000000;3.0000000;32.0000000;8.0000000;13.0000000;4.0000000
3.0000000;8.0000000;2.0000000;15.0000000;0.0000000;4.0000000;3.0000000;5.4920000;2.8970000;-2.4920000;0.1030000;3.0000000;3.0000000;32.0000000;8.0000000;13.0000000;4.0000000
3.0000000;8.0000000;2.0000000;15.0000000;0.0000000;5.0000000;3.0000000;5.4600000;2.9020000;-2.4600000;0.0980000;3.0000000;3.0000000;64.0000000;8.0000000;12.0000000;4.0000000
3.0000000;8.0000000;2.0000000;15.0000000;0.0000000;5.0000000;3.0000000;5.4600000;2.9020000;-2.4600000;0.0980000;3.0000000;3.0000000;64.0000000;9.0000000;12.0000000;4.0000000
3.0000000;8.0000000;2.0000000;15.0000000;0.0000000;5.0000000;3.0000000;5.3840000;2.9060000;-2.3840000;0.0940000;3.0000000;3.0000000;64.0000000;8.0000000;12.0000000;4.0000000
3.0000000;8.0000000;2.0000000;15.0000000;0.0000000;5.0000000;3.0000000;5.4100000;2.9050000;-2.4100000;0.0950000;3.0000000;3.0000000;32.0000000;8.0000000;12.0000000;4.0000000
3.0000000;8.0000000;2.0000000;15.0000000;0.0000000;5.0000000;3.0000000;5.3840000;2.9060000;-2.3840000;0.0940000;3.0000000;3.0000000;64.0000000;8.0000000;12.0000000;4.0000000
3.0000000;9.0000000;2.0000000;15.0000000;0.0000000;5.0000000;3.0000000;5.5190000;2.9060000;-2.5190000;0.0940000;3.0000000;3.0000000;32.0000000;9.0000000;13.0000000;4.0000000
3.0000000;8.0000000;2.0000000;15.0000000;0.0000000;5.0000000;3.0000000;5.3860000;2.9060000;-2.3860000;0.0940000;3.0000000;3.0000000;64.0000000;8.0000000;12.0000000;4.0000000
3.0000000;8.0000000;2.0000000;15.0000000;0.0000000;5.0000000;3.0000000;5.8550000;2.9060000;-2.8550000;0.0940000;3.0000000;3.0000000;128.0000000;8.0000000;13.0000000;4.0000000
3.0000000;9.0000000;2.0000000;15.0000000;0.0000000;5.0000000;3.0000000;5.4810000;2.9200000;-2.4810000;0.0800000;3.0000000;3.0000000;128.0000000;9.0000000;12.0000000;4.0000000
3.0000000;9.0000000;2.0000000;15.0000000;0.0000000;5.0000000;3.0000000;5.4140000;2.9090000;-2.4140000;0.0910000;3.0000000;3.0000000;64.0000000;9.0000000;12.0000000;4.0000000
3.0000000;7.0000000;2.0000000;15.0000000;0.0000000;5.0000000;3.0000000;5.5140000;2.8810000;-2.5140000;0.1190000;3.0000000;3.0000000;64.0000000;9.0000000;13.0000000;4.0000000
3.0000000;9.0000000;2.0000000;15.0000000;0.0000000;5.0000000;3.0000000;5.5140000;2.9120000;-2.5140000;0.0880000;3.0000000;3.0000000;128.0000000;8.0000000;13.0000000;4.0000000
3.0000000;10.0000000;2.0000000;15.0000000;0.0000000;5.0000000;3.0000000;5.4140000;2.9120000;-2.4140000;0.0880000;3.0000000;3.0000000;64.0000000;9.0000000;12.0000000;4.0000000
3.0000000;7.0000000;2.0000000;15.0000000;0.0000000;7.0000000;3.0000000;5.4330000;2.8510000;-2.4330000;0.1490000;3.0000000;3.0000000;512.0000000;8.0000000;12.0000000;4.0000000
3.0000000;9.0000000;2.0000000;15.0000000;0.0000000;7.0000000;3.0000000;5.5210000;2.8800000;-2.5210000;0.1200000;3.0000000;3.0000000;128.0000000;8.0000000;13.0000000;4.0000000
3.0000000;7.0000000;2.0000000;15.0000000;0.0000000;5.0000000;3.0000000;5.5540000;2.8730000;-2.5540000;0.1270000;3.0000000;3.0000000;64.0000000;8.0000000;13.0000000;4.0000000
3.0000000;7.0000000;2.0000000;15.0000000;0.0000000;6.0000000;3.0000000;5.4140000;2.8720000;-2.4140000;0.1280000;3.0000000;3.0000000;64.0000000;8.0000000;12.0000000;4.0000000
3.0000000;9.0000000;2.0000000;15.0000000;0.0000000;7.0000000;3.0000000;5.5350000;2.9090000;-2.5350000;0.0910000;3.0000000;3.0000000;128.0000000;8.0000000;13.0000000;4.0000000
3.0000000;7.0000000;3.0000000;15.0000000;0.0000000;4.0000000;3.0000000;5.5130000;2.7690000;-2.5130000;0.2310000;3.0000000;3.0000000;8.0000000;8.0000000;13.0000000;4.0000000
3.0000000;6.0000000;3.0000000;15.0000000;0.0000000;5.0000000;3.0000000;5.4140000;2.7650000;-2.4140000;0.2350000;3.0000000;3.0000000;16.0000000;9.0000000;12.0000000;4.0000000
3.0000000;6.0000000;3.0000000;15.0000000;0.0000000;5.0000000;3.0000000;5.4140000;2.7450000;-2.4140000;0.2550000;3.0000000;3.0000000;48.0000000;9.0000000;12.0000000;4.0000000
3.0000000;7.0000000;3.0000000;15.0000000;0.0000000;5.0000000;3.0000000;5.4310000;2.7650000;-2.4310000;0.2350000;3.0000000;3.0000000;8.0000000;8.0000000;12.0000000;4.0000000
3.0000000;7.0000000;3.0000000;15.0000000;0.0000000;4.0000000;3.0000000;5.5070000;2.7690000;-2.5070000;0.2310000;3.0000000;3.0000000;4.0000000;8.0000000;13.0000000;4.0000000
3.0000000;9.0000000;2.0000000;15.0000000;0.0000000;8.0000000;3.0000000;5.5130000;2.9060000;-2.5130000;0.0940000;3.0000000;3.0000000;64.0000000;8.0000000;13.0000000;4.0000000
3.0000000;8.0000000;2.0000000;15.0000000;0.0000000;8.0000000;3.0000000;5.3740000;2.9060000;-2.3740000;0.0940000;3.0000000;3.0000000;128.0000000;8.0000000;12.0000000;4.0000000
3.0000000;9.0000000;2.0000000;15.0000000;0.0000000;8.0000000;3.0000000;5.5190000;2.9060000;-2.5190000;0.0940000;3.0000000;3.0000000;64.0000000;8.0000000;13.0000000;4.0000000
3.0000000;8.0000000;2.0000000;15.0000000;0.0000000;8.0000000;3.0000000;5.3860000;2.9060000;-2.3860000;0.0940000;3.0000000;3.0000000;128.0000000;8.0000000;12.0000000;4.0000000
3.0000000;8.0000000;2.0000000;15.0000000;0.0000000;8.0000000;3.0000000;5.4050000;2.9050000;-2.4050000;0.0950000;3.0000000;3.0000000;64.0000000;8.0000000;12.0000000;4.0000000
3.0000000;8.0000000;2.0000000;15.0000000;0.0000000;8.0000000;3.0000000;5.3740000;2.9060000;-2.3740000;0.0940000;3.0000000;3.0000000;128.0000000;8.0000000;12.0000000;4.0000000
3.0000000;9.0000000;2.0000000;15.0000000;0.0000000;8.0000000;3.0000000;5.5100000;2.8970000;-2.5100000;0.1030000;3.0000000;3.0000000;64.0000000;8.0000000;13.0000000;4.0000000
3.0000000;8.0000000;2.0000000;15.0000000;0.0000000;8.0000000;3.0000000;5.3800000;2.9020000;-2.3800000;0.0980000;3.0000000;3.0000000;128.0000000;8.0000000;12.0000000;4.0000000
3.0000000;8.0000000;2.0000000;15.0000000;0.0000000;8.0000000;3.0000000;5.8480000;2.9060000;-2.8480000;0.0940000;3.0000000;3.0000000;256.0000000;8.0000000;13.0000000;4.0000000
3.0000000;8.0000000;2.0000000;15.0000000;0.0000000;8.0000000;3.0000000;5.8560000;2.8990000;-2.5860000;0.1010000;3.0000000;3.0000000;256.0000000;8.0000000;13.0000000;4.0000000
3.0000000;9.0000000;2.0000000;15.0000000;0.0000000;7.0000000;3.0000000;5.3800000;2.9090000;-2.3800000;0.0910000;3.0000000;3.0000000;128.0000000;8.0000000;12.0000000;4.0000000
3.0000000;9.0000000;2.0000000;15.0000000;0.0000000;6.0000000;3.0000000;5.3670000;2.9200000;-2.3670000;0.0800000;3.0000000;3.0000000;256.0000000;8.0000000;12.0000000;4.0000000
3.0000000;9.0000000;2.0000000;15.0000000;0.0000000;6.0000000;3.0000000;5.3670000;2.9200000;-2.3670000;0.0800000;3.0000000;3.0000000;256.0000000;8.0000000;12.0000000;4.0000000
3.0000000;9.0000000;2.0000000;15.0000000;0.0000000;5.0000000;3.0000000;5.5140000;2.9120000;-2.5140000;0.0880000;3.0000000;3.0000000;128.0000000;8.0000000;13.0000000;4.0000000
3.0000000;7.0000000;2.0000000;15.0000000;0.0000000;4.0000000;3.0000000;5.5210000;2.8840000;-2.5210000;0.1160000;3.0000000;3.0000000;128.0000000;8.0000000;12.0000000;4.0000000
3.0000000;8.0000000;2.0000000;15.0000000;0.0000000;4.0000000;3.0000000;5.4920000;2.8970000;-2.4920000;0.1030000;3.0000000;3.0000000;32.0000000;8.0000000;13.0000000;4.0000000
3.0000000;9.0000000;2.0000000;15.0000000;0.0000000;5.0000000;3.0000000;5.5130000;2.9060000;-2.5130000;0.0940000;3.0000000;3.0000000;16.0000000;8.0000000;13.0000000;4.0000000
3.0000000;8.0000000;2.0000000;15.0000000;0.0000000;5.0000000;3.0000000;5.4600000;2.9020000;-2.4600000;0.0980000;3.0000000;3.0000000;32.0000000;9.0000000;12.0000000;4.0000000
3.0000000;8.0000000;2.0000000;15.0000000;0.0000000;5.0000000;3.0000000;5.4100000;2.9050000;-2.4100000;0.0950000;3.0000000;3.0000000;16.0000000;9.0000000;12.0000000;4.0000000
3.0000000;8.0000000;2.0000000;15.0000000;0.0000000;5.0000000;3.0000000;5.3840000;2.9060000;-2.3840000;0.0940000;3.0000000;3.0000000;32.0000000;9.0000000;12.0000000;4.0000000
3.0000000;7.0000000;2.0000000;15.0000000;0.0000000;6.0000000;3.0000000;5.5300000;2.8640000;-2.5300000;0.1360000;3.0000000;3.0000000;16.0000000;8.0000000;13.0000000;4.0000000
3.0000000;7.0000000;2.0000000;15.0000000;0.0000000;6.0000000;3.0000000;5.4140000;2.8630000;-2.4140000;0.1370000;3.0000000;3.0000000;16.0000000;8.0000000;12.0000000;4.0000000
3.0000000;7.0000000;2.0000000;15.0000000;0.0000000;7.0000000;3.0000000;5.4140000;2.8650000;-2.4140000;0.1350000;3.0000000;3.0000000;32.0000000;8.0000000;12.0000000;4.0000000
2.0000000;5.0000000;3.0000000;15.0000000;0.0000000;4.0000000;3.0000000;5.7504500;2.2443600;-2.7504500;0.7556400;3.0000000;7.0000000;2.0000000;9.0000000;13.0000000;3.0000000
2.0000000;5.0000000;3.0000000;15.0000000;0.0000000;4.0000000;3.0000000;5.7498700;2.2440800;-2.7498700;0.7559200;3.0000000;7.0000000;2.0000000;9.0000000;13.0000000;3.0000000
2.0000000;5.0000000;3.0000000;15.0000000;0.0000000;4.0000000;3.0000000;5.6251100;2.2360700;-2.6251100;0.7639300;3.0000000;7.0000000;4.0000000;8.0000000;13.0000000;3.0000000
2.0000000;5.0000000;3.0000000;15.0000000;0.0000000;4.0000000;3.0000000;5.6251100;2.2360700;-2.6251100;0.7639300;3.0000000;7.0000000;2.0000000;8.0000000;13.0000000;3.0000000
2.0000000;5.0000000;3.0000000;15.0000000;0.0000000;4.0000000;3.0000000;5.6364000;2.2360700;-2.6364000;0.7639300;3.0000000;7.0000000;4.0000000;9.0000000;13.0000000;3.0000000
2.0000000;5.0000000;3.0000000;15.0000000;0.0000000;4.0000000;3.0000000;5.6926700;2.2845900;-2.6926700;0.7154100;3.0000000;7.0000000;1.0000000;8.0000000;13.0000000;3.0000000
2.0000000;5.0000000;3.0000000;15.0000000;0.0000000;4.0000000;3.0000000;5.6288200;2.2817600;-2.6288200;0.7182400;3.0000000;7.0000000;1.0000000;9.0000000;12.0000000;3.0000000
2.0000000;5.0000000;3.0000000;15.0000000;0.0000000;4.0000000;3.0000000;5.6076100;2.2832500;-2.6076100;0.7167500;3.0000000;7.0000000;1.0000000;8.0000000;13.0000000;3.0000000
2.0000000;5.0000000;3.0000000;15.0000000;0.0000000;4.0000000;3.0000000;5.7556900;2.2411500;-2.7556900;0.7588500;3.0000000;7.0000000;1.0000000;9.0000000;13.0000000;3.0000000
2.0000000;5.0000000;3.0000000;15.0000000;0.0000000;4.0000000;3.0000000;5.7563200;2.2414600;-2.7563200;0.7585400;3.0000000;7.0000000;1.0000000;9.0000000;13.0000000;3.0000000
2.0000000;5.0000000;3.0000000;15.0000000;0.0000000;4.0000000;3.0000000;5.7136400;2.2415400;-2.7136400;0.7584600;3.0000000;7.0000000;1.0000000;9.0000000;13.0000000;3.0000000
2.0000000;5.0000000;3.0000000;15.0000000;0.0000000;4.0000000;3.0000000;5.6966100;2.2507400;-2.6966100;0.7492600;3.0000000;7.0000000;1.0000000;9.0000000;13.0000000;3.0000000
2.0000000;5.0000000;3.0000000;15.0000000;0.0000000;4.0000000;3.0000000;5.6963600;2.2438900;-2.6963600;0.7561100;3.0000000;7.0000000;1.0000000;9.0000000;13.0000000;3.0000000
2.0000000;5.0000000;3.0000000;15.0000000;0.0000000;4.0000000;3.0000000;5.7261900;2.2427900;-2.7261900;0.7572100;3.0000000;7.0000000;2.0000000;9.0000000;13.0000000;3.0000000
2.0000000;5.0000000;3.0000000;15.0000000;0.0000000;4.0000000;3.0000000;5.7262200;2.2426800;-2.7262200;0.7573200;3.0000000;7.0000000;2.0000000;9.0000000;13.0000000;3.0000000
2.0000000;5.0000000;3.0000000;15.0000000;0.0000000;4.0000000;3.0000000;5.7219900;2.2294200;-2.7219900;0.7705800;3.0000000;7.0000000;1.0000000;9.0000000;13.0000000;3.0000000
2.0000000;5.0000000;3.0000000;15.0000000;0.0000000;4.0000000;3.0000000;5.7551200;2.2258200;-2.7551200;0.7741800;3.0000000;7.0000000;1.0000000;9.0000000;13.0000000;3.0000000
2.0000000;5.0000000;3.0000000;15.0000000;0.0000000;4.0000000;3.0000000;5.7537100;2.2261400;-2.7537100;0.7738600;3.0000000;7.0000000;1.0000000;9.0000000;13.0000000;3.0000000
2.0000000;5.0000000;3.0000000;15.0000000;0.0000000;4.0000000;3.0000000;5.7224300;2.1971900;-2.7224300;0.8028100;3.0000000;7.0000000;1.0000000;9.0000000;13.0000000;3.0000000
2.0000000;5.0000000;3.0000000;15.0000000;0.0000000;4.0000000;3.0000000;5.6424400;2.2835000;-2.6424400;0.7165000;3.0000000;7.0000000;1.0000000;8.0000000;13.0000000;3.0000000
2.0000000;5.0000000;3.0000000;15.0000000;0.0000000;4.0000000;3.0000000;5.6257700;2.2755800;-2.6257700;0.7244200;3.0000000;7.0000000;2.0000000;9.0000000;12.0000000;3.0000000
2.0000000;5.0000000;3.0000000;15.0000000;0.0000000;4.0000000;3.0000000;5.6180300;2.2782000;-2.6180300;0.7218000;3.0000000;7.0000000;1.0000000;8.0000000;12.0000000;3.0000000
2.0000000;5.0000000;3.0000000;15.0000000;0.0000000;4.0000000;3.0000000;5.6295300;2.2647500;-2.6295300;0.7352500;3.0000000;7.0000000;1.0000000;8.0000000;12.0000000;3.0000000
2.0000000;5.0000000;3.0000000;15.0000000;0.0000000;4.0000000;3.0000000;5.6488400;2.2649700;-2.6488400;0.7350300;3.0000000;7.0000000;1.0000000;9.0000000;13.0000000;3.0000000
2.0000000;5.0000000;3.0000000;15.0000000;0.0000000;4.0000000;3.0000000;5.6174400;2.2659100;-2.6174400;0.7340900;3.0000000;7.0000000;1.0000000;8.0000000;13.0000000;3.0000000
2.0000000;5.0000000;3.0000000;15.0000000;0.0000000;4.0000000;3.0000000;5.6964400;2.2280000;-2.6964400;0.7720000;3.0000000;7.0000000;1.0000000;9.0000000;13.0000000;3.0000000
2.0000000;5.0000000;3.0000000;15.0000000;0.0000000;4.0000000;2.0000000;5.7023600;2.2393100;-2.7023600;0.7606900;3.0000000;7.0000000;2.0000000;9.0000000;13.0000000;3.0000000
2.0000000;5.0000000;3.0000000;15.0000000;0.0000000;4.0000000;3.0000000;5.6276300;2.2592900;-2.6276300;0.7407100;3.0000000;7.0000000;1.0000000;9.0000000;12.0000000;3.0000000
2.0000000;5.0000000;3.0000000;15.0000000;0.0000000;4.0000000;3.0000000;5.6186200;2.2591500;-2.6186200;0.7408500;3.0000000;7.0000000;1.0000000;8.0000000;12.0000000;3.0000000
2.0000000;5.0000000;3.0000000;15.0000000;0.0000000;4.0000000;3.0000000;5.6826500;2.2655600;-2.6826500;0.7344400;3.0000000;7.0000000;1.0000000;9.0000000;13.0000000;3.0000000
2.0000000;5.0000000;3.0000000;15.0000000;0.0000000;4.0000000;3.0000000;5.6398000;2.2592600;-2.6398000;0.7407400;3.0000000;7.0000000;1.0000000;8.0000000;13.0000000;3.0000000
2.0000000;5.0000000;3.0000000;15.0000000;0.0000000;4.0000000;3.0000000;5.6428000;2.2591300;-2.6428000;0.7408700;3.0000000;7.0000000;1.0000000;9.0000000;13.0000000;3.0000000
2.0000000;5.0000000;3.0000000;15.0000000;0.0000000;4.0000000;3.0000000;5.7176800;2.2406100;-2.7176800;0.7593900;3.0000000;7.0000000;2.0000000;9.0000000;13.0000000;3.0000000
2.0000000;5.0000000;3.0000000;15.0000000;0.0000000;4.0000000;3.0000000;5.7100100;2.2175500;-2.7100100;0.7824500;3.0000000;7.0000000;2.0000000;8.0000000;13.0000000;3.0000000
2.0000000;5.0000000;3.0000000;15.0000000;0.0000000;4.0000000;3.0000000;5.6994200;2.2510800;-2.6994200;0.7489200;3.0000000;7.0000000;1.0000000;9.0000000;13.0000000;3.0000000
2.0000000;5.0000000;3.0000000;15.0000000;0.0000000;4.0000000;3.0000000;5.6006200;2.2536500;-2.6006200;0.7463500;3.0000000;7.0000000;1.0000000;8.0000000;13.0000000;3.0000000
2.0000000;5.0000000;3.0000000;15.0000000;0.0000000;4.0000000;3.0000000;5.6055100;2.2536500;-2.6055100;0.7463500;3.0000000;7.0000000;1.0000000;9.0000000;13.0000000;3.0000000
2.0000000;5.0000000;3.0000000;15.0000000;0.0000000;4.0000000;3.0000000;5.7048400;2.2115700;-2.7048400;0.7884300;3.0000000;7.0000000;1.0000000;9.0000000;13.0000000;3.0000000
2.0000000;5.0000000;3.0000000;15.0000000;0.0000000;4.0000000;3.0000000;5.6251100;2.2039200;-2.6251100;0.7960800;3.0000000;7.0000000;4.0000000;8.0000000;13.0000000;3.0000000
2.0000000;4.0000000;3.0000000;15.0000000;0.0000000;4.0000000;3.0000000;5.6251100;2.2039200;-2.6251100;0.7960800;3.0000000;7.0000000;16.0000000;8.0000000;13.0000000;3.0000000
2.0000000;5.0000000;3.0000000;15.0000000;0.0000000;4.0000000;3.0000000;5.6252300;2.2859400;-2.6252300;0.7140600;3.0000000;7.0000000;1.0000000;9.0000000;13.0000000;3.0000000
2.0000000;5.0000000;3.0000000;15.0000000;0.0000000;4.0000000;3.0000000;5.7179400;2.2603000;-2.7179400;0.7397000;3.0000000;7.0000000;1.0000000;9.0000000;13.0000000;3.0000000
2.0000000;5.0000000;3.0000000;15.0000000;0.0000000;4.0000000;3.0000000;5.6349800;2.2619900;-2.6349800;0.7380100;3.0000000;7.0000000;1.0000000;9.0000000;13.0000000;3.0000000
2.0000000;5.0000000;3.0000000;15.0000000;0.0000000;4.0000000;3.0000000;5.6872000;2.2623600;-2.6872000;0.7376400;3.0000000;7.0000000;2.0000000;9.0000000;13.0000000;3.0000000
2.0000000;5.0000000;3.0000000;15.0000000;0.0000000;4.0000000;3.0000000;5.6547900;2.2092500;-2.6547900;0.7907500;3.0000000;7.0000000;1.0000000;8.0000000;13.0000000;3.0000000
2.0000000;5.0000000;3.0000000;15.0000000;0.0000000;4.0000000;3.0000000;5.7828300;2.2047200;-2.7828300;0.7952800;3.0000000;7.0000000;2.0000000;9.0000000;14.0000000;3.0000000
2.0000000;5.0000000;3.0000000;15.0000000;0.0000000;4.0000000;3.0000000;5.6282300;2.2057200;-2.6282300;0.7942800;3.0000000;7.0000000;1.0000000;9.0000000;13.0000000;3.0000000
2.0000000;5.0000000;3.0000000;15.0000000;0.0000000;4.0000000;3.0000000;5.6948600;2.1814600;-2.6948600;0.8185400;3.0000000;7.0000000;2.0000000;9.0000000;13.0000000;3.0000000
2.0000000;5.0000000;3.0000000;15.0000000;0.0000000;4.0000000;3.0000000;5.6280900;2.2663400;-2.6280900;0.7336600;3.0000000;7.0000000;1.0000000;9.0000000;13.0000000;3.0000000
2.0000000;5.0000000;3.0000000;15.0000000;0.0000000;4.0000000;3.0000000;5.6094400;2.2834900;-2.6094400;0.7165100;3.0000000;7.0000000;1.0000000;8.0000000;13.0000000;3.0000000
2.0000000;5.0000000;3.0000000;15.0000000;0.0000000;4.0000000;3.0000000;5.7690700;2.2825500;-2.7690700;0.7174500;3.0000000;7.0000000;4.0000000;9.0000000;13.0000000;3.0000000
2.0000000;5.0000000;3.0000000;15.0000000;0.0000000;4.0000000;3.0000000;5.6180300;2.2746000;-2.6180300;0.7254000;3.0000000;7.0000000;4.0000000;8.0000000;12.0000000;3.0000000
2.0000000;5.0000000;3.0000000;15.0000000;0.0000000;4.0000000;3.0000000;5.6180300;2.2825500;-2.6180300;0.7174500;3.0000000;7.0000000;4.0000000;8.0000000;12.0000000;3.0000000
2.0000000;5.0000000;3.0000000;15.0000000;0.0000000;4.0000000;3.0000000;5.7202100;2.2835400;-2.7202100;0.7164600;3.0000000;7.0000000;1.0000000;8.0000000;13.0000000;3.0000000
2.0000000;5.0000000;3.0000000;15.0000000;0.0000000;4.0000000;3.0000000;5.5905800;2.2746000;-2.5905800;0.7254000;3.0000000;7.0000000;1.0000000;8.0000000;12.0000000;3.0000000
2.0000000;5.0000000;3.0000000;15.0000000;0.0000000;4.0000000;3.0000000;5.6421300;2.2990100;-2.6421300;0.7009900;3.0000000;7.0000000;1.0000000;9.0000000;13.0000000;3.0000000
2.0000000;5.0000000;3.0000000;15.0000000;0.0000000;4.0000000;3.0000000;5.6180300;2.2360700;-2.6180300;0.7639300;3.0000000;7.0000000;4.0000000;8.0000000;12.0000000;3.0000000
2.0000000;5.0000000;3.0000000;15.0000000;0.0000000;4.0000000;3.0000000;5.7480100;2.1959000;-2.7480100;0.8041000;3.0000000;7.0000000;1.0000000;8.0000000;13.0000000;3.0000000
2.0000000;5.0000000;3.0000000;15.0000000;0.0000000;4.0000000;3.0000000;5.7690700;2.2360700;-2.7690700;0.7639300;3.0000000;7.0000000;4.0000000;9.0000000;13.0000000;3.0000000
2.0000000;5.0000000;3.0000000;15.0000000;0.0000000;4.0000000;3.0000000;5.6686200;2.2239900;-2.6686200;0.7760100;3.0000000;7.0000000;1.0000000;8.0000000;13.0000000;3.0000000
2.0000000;5.0000000;3.0000000;15.0000000;0.0000000;4.0000000;3.0000000;5.6348000;2.2619000;-2.6348000;0.7381000;3.0000000;7.0000000;1.0000000;8.0000000;13.0000000;3.0000000
2.0000000;5.0000000;3.0000000;15.0000000;0.0000000;4.0000000;3.0000000;5.7348600;2.2387700;-2.7348600;0.7612300;3.0000000;7.0000000;1.0000000;9.0000000;13.0000000;3.0000000
2.0000000;5.0000000;3.0000000;15.0000000;0.0000000;4.0000000;3.0000000;5.7122300;2.2385300;-2.7122300;0.7614700;3.0000000;7.0000000;1.0000000;9.0000000;13.0000000;3.0000000
2.0000000;5.0000000;3.0000000;15.0000000;0.0000000;4.0000000;3.0000000;5.5967800;2.2707700;-2.5967800;0.7292300;3.0000000;7.0000000;1.0000000;8.0000000;13.0000000;3.0000000
2.0000000;5.0000000;3.0000000;15.0000000;0.0000000;4.0000000;3.0000000;5.6083500;2.2613900;-2.6083500;0.7386100;3.0000000;7.0000000;1.0000000;8.0000000;12.0000000;3.0000000
2.0000000;5.0000000;3.0000000;15.0000000;0.0000000;4.0000000;3.0000000;5.6100900;2.2974800;-2.6100900;0.7025200;3.0000000;7.0000000;2.0000000;8.0000000;12.0000000;3.0000000
2.0000000;5.0000000;3.0000000;15.0000000;0.0000000;4.0000000;3.0000000;5.6628700;2.2019100;-2.6628700;0.7980900;3.0000000;7.0000000;1.0000000;8.0000000;13.0000000;3.0000000
2.0000000;4.0000000;3.0000000;15.0000000;0.0000000;4.0000000;3.0000000;5.6348900;2.1893300;-2.6348900;0.8106700;3.0000000;7.0000000;4.0000000;9.0000000;13.0000000;3.0000000
2.0000000;5.0000000;3.0000000;15.0000000;0.0000000;4.0000000;3.0000000;5.7347900;2.2322200;-2.7347900;0.7677800;3.0000000;7.0000000;1.0000000;9.0000000;13.0000000;3.0000000
2.0000000;5.0000000;3.0000000;15.0000000;0.0000000;4.0000000;3.0000000;5.7083700;2.1832200;-2.7083700;0.8167800;3.0000000;7.0000000;1.0000000;9.0000000;13.0000000;3.0000000
2.0000000;5.0000000;3.0000000;15.0000000;0.0000000;4.0000000;3.0000000;5.6629100;2.1858300;-2.6629100;0.7141700;3.0000000;7.0000000;1.0000000;8.0000000;13.0000000;3.0000000
2.0000000;5.0000000;3.0000000;15.0000000;0.0000000;4.0000000;3.0000000;5.6582000;2.2262900;-2.6582000;0.7737100;3.0000000;7.0000000;2.0000000;8.0000000;13.0000000;3.0000000
2.0000000;5.0000000;3.0000000;15.0000000;0.0000000;4.0000000;3.0000000;5.7829300;2.1832200;-2.7829300;0.8167800;3.0000000;7.0000000;6.0000000;9.0000000;14.0000000;3.0000000
2.0000000;5.0000000;3.0000000;15.0000000;0.0000000;4.0000000;3.0000000;5.6444700;2.2643700;-2.6444700;0.7356300;3.0000000;7.0000000;1.0000000;8.0000000;12.0000000;3.0000000
2.0000000;5.0000000;3.0000000;15.0000000;0.0000000;4.0000000;3.0000000;5.6565700;2.2652600;-2.6565700;0.7347400;3.0000000;7.0000000;2.0000000;9.0000000;13.0000000;3.0000000
2.0000000;5.0000000;3.0000000;15.0000000;0.0000000;4.0000000;3.0000000;5.5801800;2.3138100;-2.5801800;0.6861900;3.0000000;7.0000000;2.0000000;8.0000000;12.0000000;3.0000000
2.0000000;5.0000000;3.0000000;15.0000000;0.0000000;4.0000000;3.0000000;5.6416900;2.2635600;-2.6416900;0.7364400;3.0000000;7.0000000;2.0000000;8.0000000;12.0000000;3.0000000
2.0000000;5.0000000;3.0000000;15.0000000;0.0000000;4.0000000;3.0000000;5.6380700;2.2848400;-2.6380700;0.7151600;3.0000000;7.0000000;1.0000000;9.0000000;13.0000000;3.0000000
2.0000000;5.0000000;3.0000000;15.0000000;0.0000000;4.0000000;3.0000000;5.6414000;2.2606200;-2.6414000;0.7393800;3.0000000;7.0000000;1.0000000;8.0000000;13.0000000;3.0000000
2.0000000;5.0000000;3.0000000;15.0000000;0.0000000;4.0000000;3.0000000;5.6787900;2.2617700;-2.6787900;0.7382300;3.0000000;7.0000000;1.0000000;8.0000000;13.0000000;3.0000000
2.0000000;5.0000000;3.0000000;15.0000000;0.0000000;4.0000000;3.0000000;5.5889100;2.2593300;-2.5889100;0.7406700;3.0000000;7.0000000;1.0000000;8.0000000;13.0000000;3.0000000
2.0000000;5.0000000;3.0000000;15.0000000;0.0000000;4.0000000;3.0000000;5.6554800;2.2645700;-2.6554800;0.7354300;3.0000000;7.0000000;1.0000000;9.0000000;13.0000000;3.0000000
2.0000000;5.0000000;3.0000000;15.0000000;0.0000000;4.0000000;3.0000000;5.6255800;2.2562800;-2.6255800;0.7437200;3.0000000;7.0000000;1.0000000;8.0000000;13.0000000;3.0000000
2.0000000;5.0000000;3.0000000;15.0000000;0.0000000;4.0000000;3.0000000;5.6954300;2.2651400;-2.6954300;0.7348600;3.0000000;7.0000000;1.0000000;8.0000000;13.0000000;3.0000000
2.0000000;5.0000000;3.0000000;15.0000000;0.0000000;4.0000000;3.0000000;5.6247500;2.2607800;-2.6247500;0.7392200;3.0000000;7.0000000;1.0000000;9.0000000;13.0000000;3.0000000
2.0000000;5.0000000;3.0000000;15.0000000;0.0000000;4.0000000;3.0000000;5.6539500;2.2563400;-2.6539500;0.7436600;3.0000000;7.0000000;1.0000000;9.0000000;13.0000000;3.0000000
2.0000000;5.0000000;3.0000000;15.0000000;0.0000000;4.0000000;3.0000000;5.6550200;2.2592800;-2.6550200;0.7407200;3.0000000;7.0000000;1.0000000;8.0000000;13.0000000;3.0000000
2.0000000;5.0000000;3.0000000;15.0000000;0.0000000;4.0000000;3.0000000;5.6558300;2.2606600;-2.6558300;0.7393400;3.0000000;7.0000000;1.0000000;8.0000000;13.0000000;3.0000000
2.0000000;5.0000000;3.0000000;15.0000000;0.0000000;4.0000000;3.0000000;5.6741400;2.2751400;-2.6741400;0.7248600;3.0000000;7.0000000;1.0000000;8.0000000;13.0000000;3.0000000
2.0000000;5.0000000;3.0000000;15.0000000;0.0000000;4.0000000;3.0000000;5.6760500;2.2645500;-2.6760500;0.7354500;3.0000000;7.0000000;1.0000000;8.0000000;13.0000000;3.0000000
2.0000000;5.0000000;3.0000000;15.0000000;0.0000000;4.0000000;3.0000000;5.6013000;2.2521500;-2.6013000;0.7478500;3.0000000;7.0000000;1.0000000;9.0000000;12.0000000;3.0000000
2.0000000;5.0000000;3.0000000;15.0000000;0.0000000;4.0000000;3.0000000;5.5567000;2.2333000;-2.5567000;0.7667000;3.0000000;7.0000000;2.0000000;9.0000000;12.0000000;3.0000000
2.0000000;5.0000000;3.0000000;15.0000000;0.0000000;4.0000000;3.0000000;5.6197800;2.2400500;-2.6197800;0.7599500;3.0000000;7.0000000;2.0000000;9.0000000;12.0000000;3.0000000
2.0000000;5.0000000;3.0000000;15.0000000;0.0000000;4.0000000;3.0000000;5.6015900;2.2529600;-2.6015900;0.7470400;3.0000000;7.0000000;1.0000000;9.0000000;12.0000000;3.0000000
2.0000000;5.0000000;3.0000000;15.0000000;0.0000000;4.0000000;3.0000000;5.5895400;2.2387100;-2.5895400;0.7612900;3.0000000;7.0000000;2.0000000;8.0000000;13.0000000;3.0000000
2.0000000;5.0000000;3.0000000;15.0000000;0.0000000;4.0000000;3.0000000;5.5715500;2.2262700;-2.5715500;0.7737300;3.0000000;7.0000000;2.0000000;9.0000000;12.0000000;3.0000000
2.0000000;5.0000000;3.0000000;15.0000000;0.0000000;4.0000000;3.0000000;5.7094600;2.2172700;-2.7094600;0.7827300;3.0000000;7.0000000;2.0000000;9.0000000;13.0000000;3.0000000
2.0000000;4.0000000;3.0000000;15.0000000;0.0000000;4.0000000;3.0000000;5.6416500;2.2000700;-2.6416500;0.7999300;3.0000000;7.0000000;2.0000000;9.0000000;13.0000000;3.0000000
2.0000000;5.0000000;3.0000000;15.0000000;0.0000000;5.0000000;3.0000000;6.0000000;2.4970000;-3.0000000;0.5030000;3.0000000;6.0000000;;8.0000000;15.0000000;3.0000000
2.0000000;6.0000000;3.0000000;15.0000000;0.0000000;5.0000000;3.0000000;5.4850000;2.7020000;-2.4850000;0.2980000;3.0000000;5.0000000;;9.0000000;12.0000000;3.0000000
2.0000000;6.0000000;3.0000000;15.0000000;0.0000000;4.0000000;3.0000000;5.6040000;2.6810000;-2.6040000;0.3190000;3.0000000;5.0000000;;9.0000000;12.0000000;3.0000000
2.0000000;7.0000000;3.0000000;15.0000000;0.0000000;5.0000000;3.0000000;5.8160000;2.7930000;-2.8160000;0.2070000;3.0000000;4.0000000;;8.0000000;13.0000000;3.0000000
2.0000000;4.0000000;3.0000000;15.0000000;0.0000000;4.0000000;3.0000000;6.0000000;2.0000000;-3.0000000;1.0000000;3.0000000;8.0000000;;9.0000000;15.0000000;3.0000000
2.0000000;5.0000000;3.0000000;15.0000000;0.0000000;5.0000000;3.0000000;6.0000000;2.3030000;-3.0000000;0.6970000;3.0000000;6.0000000;;8.0000000;15.0000000;3.0000000
2.0000000;7.0000000;3.0000000;15.0000000;0.0000000;5.0000000;3.0000000;5.7940000;2.7880000;-2.7940000;0.2120000;3.0000000;4.0000000;;8.0000000;13.0000000;3.0000000
2.0000000;7.0000000;3.0000000;15.0000000;0.0000000;4.0000000;3.0000000;5.5620000;2.7150000;-2.5620000;0.2850000;3.0000000;5.0000000;;9.0000000;12.0000000;3.0000000
2.0000000;6.0000000;3.0000000;15.0000000;0.0000000;4.0000000;3.0000000;5.5470000;2.6610000;-2.5470000;0.3390000;3.0000000;5.0000000;;9.0000000;12.0000000;3.0000000
2.0000000;7.0000000;3.0000000;15.0000000;0.0000000;5.0000000;3.0000000;5.7950000;2.7910000;-2.7950000;0.2090000;3.0000000;4.0000000;;9.0000000;13.0000000;3.0000000
2.0000000;5.0000000;3.0000000;15.0000000;0.0000000;4.0000000;3.0000000;5.7070000;2.5960000;-2.7070000;0.4040000;3.0000000;4.0000000;;8.0000000;13.0000000;3.0000000
2.0000000;6.0000000;3.0000000;15.0000000;0.0000000;4.0000000;3.0000000;5.6450000;2.6970000;-2.6450000;0.3030000;3.0000000;5.0000000;;9.0000000;12.0000000;3.0000000
2.0000000;6.0000000;3.0000000;15.0000000;0.0000000;5.0000000;3.0000000;5.7720000;2.6150000;-2.7720000;0.3850000;3.0000000;4.0000000;;8.0000000;13.0000000;3.0000000
2.0000000;7.0000000;3.0000000;15.0000000;0.0000000;5.0000000;3.0000000;5.8060000;2.7910000;-2.8060000;0.2090000;3.0000000;4.0000000;;8.0000000;13.0000000;3.0000000
2.0000000;6.0000000;3.0000000;15.0000000;0.0000000;5.0000000;3.0000000;5.5620000;2.6690000;-2.5620000;0.3310000;3.0000000;5.0000000;;9.0000000;12.0000000;3.0000000
2.0000000;5.0000000;3.0000000;15.0000000;0.0000000;5.0000000;3.0000000;5.7800000;2.6160000;-2.7800000;0.3840000;3.0000000;4.0000000;;8.0000000;13.0000000;3.0000000
2.0000000;6.0000000;3.0000000;15.0000000;0.0000000;4.0000000;3.0000000;5.5980000;2.6840000;-2.5980000;0.3160000;3.0000000;5.0000000;;9.0000000;12.0000000;3.0000000
2.0000000;6.0000000;3.0000000;15.0000000;0.0000000;4.0000000;3.0000000;5.5380000;2.6440000;-2.5380000;0.3560000;3.0000000;5.0000000;;9.0000000;12.0000000;3.0000000
2.0000000;7.0000000;3.0000000;15.0000000;0.0000000;5.0000000;3.0000000;5.8340000;2.7860000;-2.8340000;0.2140000;3.0000000;4.0000000;;8.0000000;13.0000000;3.0000000
2.0000000;6.0000000;3.0000000;15.0000000;0.0000000;5.0000000;3.0000000;5.4340000;2.6470000;-2.4340000;0.3530000;3.0000000;5.0000000;;9.0000000;12.0000000;3.0000000
2.0000000;5.0000000;3.0000000;15.0000000;0.0000000;4.0000000;3.0000000;5.7950000;2.6240000;-2.7950000;0.3760000;3.0000000;4.0000000;;8.0000000;13.0000000;3.0000000
2.0000000;7.0000000;3.0000000;15.0000000;0.0000000;4.0000000;3.0000000;5.7900000;2.7860000;-2.7900000;0.2140000;3.0000000;4.0000000;;8.0000000;13.0000000;3.0000000
2.0000000;7.0000000;3.0000000;15.0000000;0.0000000;5.0000000;3.0000000;5.7720000;2.8140000;-2.7720000;0.1860000;3.0000000;4.0000000;;9.0000000;13.0000000;3.0000000
2.0000000;6.0000000;3.0000000;15.0000000;0.0000000;5.0000000;3.0000000;5.6810000;2.7230000;-2.6810000;0.2770000;3.0000000;4.0000000;;9.0000000;12.0000000;3.0000000
2.0000000;7.0000000;3.0000000;15.0000000;0.0000000;5.0000000;3.0000000;5.8090000;2.7930000;-2.8090000;0.2070000;3.0000000;4.0000000;;9.0000000;13.0000000;3.0000000
2.0000000;5.0000000;3.0000000;15.0000000;0.0000000;5.0000000;3.0000000;5.5080000;2.6110000;-2.5080000;0.3890000;3.0000000;5.0000000;;9.0000000;12.0000000;3.0000000
2.0000000;6.0000000;3.0000000;15.0000000;0.0000000;4.0000000;3.0000000;5.5000000;2.6240000;-2.5000000;0.3760000;3.0000000;5.0000000;;9.0000000;12.0000000;3.0000000
2.0000000;6.0000000;3.0000000;15.0000000;0.0000000;4.0000000;3.0000000;5.5010000;2.6000000;-2.5010000;0.4000000;3.0000000;5.0000000;;9.0000000;12.0000000;3.0000000
2.0000000;7.0000000;3.0000000;15.0000000;0.0000000;5.0000000;3.0000000;5.8400000;2.7910000;-2.8400000;0.2090000;3.0000000;4.0000000;;8.0000000;13.0000000;3.0000000
2.0000000;6.0000000;3.0000000;15.0000000;0.0000000;4.0000000;3.0000000;5.5060000;2.7080000;-2.5060000;0.2920000;3.0000000;5.0000000;;9.0000000;12.0000000;3.0000000
2.0000000;7.0000000;3.0000000;15.0000000;0.0000000;4.0000000;3.0000000;5.5390000;2.7140000;-2.5390000;0.2860000;3.0000000;5.0000000;;9.0000000;12.0000000;3.0000000
2.0000000;6.0000000;3.0000000;15.0000000;0.0000000;6.0000000;3.0000000;5.4960000;2.7510000;-2.4960000;0.2490000;3.0000000;5.0000000;;9.0000000;12.0000000;3.0000000
2.0000000;7.0000000;3.0000000;15.0000000;0.0000000;4.0000000;3.0000000;5.6710000;2.8160000;-2.6710000;0.1840000;3.0000000;4.0000000;;9.0000000;12.0000000;3.0000000
2.0000000;5.0000000;3.0000000;15.0000000;0.0000000;4.0000000;3.0000000;5.5750000;2.5910000;-2.5750000;0.4090000;3.0000000;5.0000000;;9.0000000;12.0000000;3.0000000
2.0000000;7.0000000;3.0000000;15.0000000;0.0000000;4.0000000;3.0000000;5.7810000;2.8050000;-2.7810000;0.1950000;3.0000000;4.0000000;;9.0000000;13.0000000;3.0000000
2.0000000;5.0000000;3.0000000;15.0000000;0.0000000;4.0000000;3.0000000;5.5910000;2.6360000;-2.5910000;0.3640000;3.0000000;5.0000000;;9.0000000;12.0000000;3.0000000
2.0000000;6.0000000;3.0000000;15.0000000;0.0000000;5.0000000;3.0000000;5.4530000;2.6860000;-2.4530000;0.3140000;3.0000000;5.0000000;;9.0000000;12.0000000;3.0000000
2.0000000;7.0000000;3.0000000;15.0000000;0.0000000;4.0000000;3.0000000;5.8020000;2.8010000;-2.8020000;0.1990000;3.0000000;4.0000000;;8.0000000;13.0000000;3.0000000
2.0000000;7.0000000;3.0000000;15.0000000;0.0000000;5.0000000;3.0000000;5.7720000;2.7910000;-2.7720000;0.2090000;3.0000000;4.0000000;;9.0000000;13.0000000;3.0000000
2.0000000;6.0000000;3.0000000;15.0000000;0.0000000;4.0000000;3.0000000;5.5100000;2.6500000;-2.5100000;0.3500000;3.0000000;5.0000000;;9.0000000;12.0000000;3.0000000
2.0000000;6.0000000;3.0000000;15.0000000;0.0000000;4.0000000;3.0000000;5.4900000;2.6260000;-2.4900000;0.3740000;3.0000000;5.0000000;;9.0000000;12.0000000;3.0000000
2.0000000;7.0000000;3.0000000;15.0000000;0.0000000;5.0000000;3.0000000;5.8040000;2.8020000;-2.8040000;0.1980000;3.0000000;4.0000000;;9.0000000;13.0000000;3.0000000
2.0000000;5.0000000;3.0000000;15.0000000;0.0000000;4.0000000;3.0000000;5.5160000;2.5920000;-2.5160000;0.4080000;3.0000000;5.0000000;;9.0000000;12.0000000;3.0000000
2.0000000;6.0000000;3.0000000;15.0000000;0.0000000;5.0000000;3.0000000;5.4520000;2.6310000;-2.4520000;0.3690000;3.0000000;5.0000000;;9.0000000;12.0000000;3.0000000
2.0000000;7.0000000;3.0000000;15.0000000;0.0000000;4.0000000;3.0000000;5.7930000;2.7860000;-2.7930000;0.2140000;3.0000000;4.0000000;;8.0000000;13.0000000;3.0000000
2.0000000;7.0000000;3.0000000;15.0000000;0.0000000;5.0000000;3.0000000;5.7940000;2.7880000;-2.7940000;0.2120000;3.0000000;4.0000000;;9.0000000;13.0000000;3.0000000
2.0000000;6.0000000;3.0000000;15.0000000;0.0000000;5.0000000;3.0000000;5.7790000;2.6310000;-2.7790000;0.3690000;3.0000000;4.0000000;;9.0000000;13.0000000;3.0000000
2.0000000;7.0000000;3.0000000;15.0000000;0.0000000;5.0000000;3.0000000;5.8090000;2.7880000;-2.8090000;0.2120000;3.0000000;4.0000000;;9.0000000;13.0000000;3.0000000
2.0000000;6.0000000;3.0000000;15.0000000;0.0000000;4.0000000;3.0000000;5.5750000;2.6750000;-2.5750000;0.3250000;3.0000000;5.0000000;;9.0000000;12.0000000;3.0000000
2.0000000;7.0000000;3.0000000;15.0000000;0.0000000;5.0000000;3.0000000;5.7950000;2.8050000;-2.7950000;0.1950000;3.0000000;4.0000000;;9.0000000;13.0000000;3.0000000
2.0000000;6.0000000;3.0000000;15.0000000;0.0000000;5.0000000;3.0000000;5.8230000;2.7510000;-2.8230000;0.2490000;3.0000000;4.0000000;;8.0000000;13.0000000;3.0000000
2.0000000;7.0000000;3.0000000;15.0000000;0.0000000;4.0000000;3.0000000;5.5360000;2.7150000;-2.5360000;0.2850000;3.0000000;5.0000000;;9.0000000;12.0000000;3.0000000
2.0000000;7.0000000;3.0000000;15.0000000;0.0000000;5.0000000;3.0000000;5.7880000;2.8020000;-2.7880000;0.1980000;3.0000000;4.0000000;;9.0000000;13.0000000;3.0000000
2.0000000;6.0000000;3.0000000;15.0000000;0.0000000;5.0000000;3.0000000;5.8430000;2.7180000;-2.8430000;0.2820000;3.0000000;4.0000000;;9.0000000;13.0000000;3.0000000
2.0000000;6.0000000;3.0000000;15.0000000;0.0000000;5.0000000;3.0000000;5.4420000;2.6200000;-2.4420000;0.3800000;3.0000000;5.0000000;;9.0000000;12.0000000;3.0000000
2.0000000;7.0000000;3.0000000;15.0000000;0.0000000;5.0000000;3.0000000;5.8230000;2.7920000;-2.8230000;0.2080000;3.0000000;4.0000000;;8.0000000;13.0000000;3.0000000
2.0000000;5.0000000;3.0000000;15.0000000;0.0000000;4.0000000;3.0000000;5.5250000;2.6130000;-2.5250000;0.3870000;3.0000000;5.0000000;;9.0000000;12.0000000;3.0000000
2.0000000;6.0000000;3.0000000;15.0000000;0.0000000;5.0000000;3.0000000;5.8410000;2.7570000;-2.8410000;0.2430000;3.0000000;4.0000000;;9.0000000;13.0000000;3.0000000
2.0000000;7.0000000;3.0000000;15.0000000;0.0000000;6.0000000;3.0000000;5.8430000;2.7900000;-2.8430000;0.2100000;3.0000000;4.0000000;;9.0000000;13.0000000;3.0000000
2.0000000;7.0000000;3.0000000;15.0000000;0.0000000;5.0000000;3.0000000;5.8040000;2.7900000;-2.8040000;0.2100000;3.0000000;4.0000000;;8.0000000;13.0000000;3.0000000
2.0000000;7.0000000;3.0000000;15.0000000;0.0000000;5.0000000;3.0000000;5.7810000;2.8020000;-2.7810000;0.1980000;3.0000000;4.0000000;;9.0000000;13.0000000;3.0000000
2.0000000;7.0000000;3.0000000;15.0000000;0.0000000;4.0000000;3.0000000;5.8010000;2.8010000;-2.8010000;0.1990000;3.0000000;4.0000000;;8.0000000;13.0000000;3.0000000
2.0000000;7.0000000;3.0000000;15.0000000;0.0000000;5.0000000;3.0000000;5.8380000;2.7880000;-2.8380000;0.2120000;3.0000000;4.0000000;;8.0000000;13.0000000;3.0000000
2.0000000;7.0000000;3.0000000;15.0000000;0.0000000;5.0000000;3.0000000;5.8090000;2.7880000;-2.8090000;0.2120000;3.0000000;4.0000000;;8.0000000;13.0000000;3.0000000
2.0000000;6.0000000;3.0000000;15.0000000;0.0000000;5.0000000;3.0000000;5.6300000;2.6820000;-2.6300000;0.3180000;3.0000000;4.0000000;;9.0000000;13.0000000;3.0000000
2.0000000;7.0000000;3.0000000;15.0000000;0.0000000;4.0000000;3.0000000;5.8080000;2.7860000;-2.8080000;0.2140000;3.0000000;4.0000000;;8.0000000;13.0000000;3.0000000
2.0000000;7.0000000;3.0000000;15.0000000;0.0000000;4.0000000;3.0000000;5.8060000;2.7860000;-2.8060000;0.2140000;3.0000000;4.0000000;;8.0000000;13.0000000;3.0000000
2.0000000;6.0000000;3.0000000;15.0000000;0.0000000;5.0000000;3.0000000;5.7610000;2.7090000;-2.7610000;0.2910000;3.0000000;4.0000000;;8.0000000;13.0000000;3.0000000
2.0000000;6.0000000;3.0000000;15.0000000;0.0000000;5.0000000;3.0000000;5.8260000;2.7770000;-2.8260000;0.2230000;3.0000000;4.0000000;;8.0000000;13.0000000;3.0000000
2.0000000;7.0000000;3.0000000;15.0000000;0.0000000;5.0000000;3.0000000;5.7950000;2.7720000;-2.7950000;0.2280000;3.0000000;4.0000000;;9.0000000;13.0000000;3.0000000
2.0000000;6.0000000;3.0000000;15.0000000;0.0000000;5.0000000;3.0000000;5.8090000;2.7510000;-2.8090000;0.2490000;3.0000000;4.0000000;;9.0000000;13.0000000;3.0000000
2.0000000;7.0000000;3.0000000;15.0000000;0.0000000;6.0000000;3.0000000;5.8040000;2.8040000;-2.8040000;0.1930000;3.0000000;4.0000000;;8.0000000;13.0000000;3.0000000
2.0000000;6.0000000;3.0000000;15.0000000;0.0000000;5.0000000;3.0000000;5.8260000;2.7770000;-2.8260000;0.2230000;3.0000000;4.0000000;;8.0000000;13.0000000;3.0000000
2.0000000;5.0000000;3.0000000;15.0000000;0.0000000;5.0000000;3.0000000;5.7070000;2.6000000;-2.7070000;0.4000000;3.0000000;4.0000000;;8.0000000;13.0000000;3.0000000
2.0000000;7.0000000;3.0000000;15.0000000;0.0000000;5.0000000;3.0000000;5.8040000;2.7920000;-2.8040000;0.2080000;3.0000000;4.0000000;;9.0000000;13.0000000;3.0000000
2.0000000;6.0000000;3.0000000;15.0000000;0.0000000;4.0000000;3.0000000;5.5360000;2.6840000;-2.5360000;0.3160000;3.0000000;5.0000000;;8.0000000;12.0000000;3.0000000
2.0000000;6.0000000;3.0000000;15.0000000;0.0000000;4.0000000;3.0000000;5.5640000;2.6710000;-2.5640000;0.3290000;3.0000000;5.0000000;;9.0000000;12.0000000;3.0000000
2.0000000;6.0000000;3.0000000;15.0000000;0.0000000;5.0000000;3.0000000;5.8040000;2.7620000;-2.8040000;0.2380000;3.0000000;4.0000000;;9.0000000;13.0000000;3.0000000
2.0000000;6.0000000;3.0000000;15.0000000;0.0000000;4.0000000;3.0000000;5.5240000;2.6790000;-2.5240000;0.3210000;3.0000000;5.0000000;;9.0000000;12.0000000;3.0000000
2.0000000;6.0000000;3.0000000;15.0000000;0.0000000;5.0000000;3.0000000;5.6180000;2.6550000;-2.6180000;0.3450000;3.0000000;4.0000000;;9.0000000;12.0000000;3.0000000
2.0000000;6.0000000;3.0000000;15.0000000;0.0000000;5.0000000;3.0000000;5.4890000;2.6910000;-2.4890000;0.3090000;3.0000000;5.0000000;;9.0000000;12.0000000;3.0000000
2.0000000;7.0000000;3.0000000;15.0000000;0.0000000;5.0000000;3.0000000;5.8140000;2.7920000;-2.8140000;0.2080000;3.0000000;4.0000000;;8.0000000;13.0000000;3.0000000
2.0000000;6.0000000;3.0000000;15.0000000;0.0000000;5.0000000;3.0000000;5.7810000;2.7580000;-2.7810000;0.2420000;3.0000000;4.0000000;;9.0000000;13.0000000;3.0000000
2.0000000;6.0000000;3.0000000;15.0000000;0.0000000;4.0000000;3.0000000;5.5190000;2.7070000;-2.5190000;0.2930000;3.0000000;5.0000000;;9.0000000;12.0000000;3.0000000
2.0000000;7.0000000;3.0000000;15.0000000;0.0000000;5.0000000;3.0000000;5.8400000;2.7910000;-2.8400000;0.2090000;3.0000000;4.0000000;;8.0000000;13.0000000;3.0000000
2.0000000;6.0000000;3.0000000;15.0000000;0.0000000;5.0000000;3.0000000;5.8310000;2.7830000;-2.8310000;0.2170000;3.0000000;4.0000000;;8.0000000;13.0000000;3.0000000
2.0000000;7.0000000;3.0000000;15.0000000;0.0000000;5.0000000;3.0000000;5.8090000;2.7920000;-2.8090000;0.2080000;3.0000000;4.0000000;;8.0000000;13.0000000;3.0000000
2.0000000;7.0000000;3.0000000;15.0000000;0.0000000;4.0000000;3.0000000;5.7790000;2.8050000;-2.7790000;0.1950000;3.0000000;4.0000000;;9.0000000;13.0000000;3.0000000
2.0000000;6.0000000;3.0000000;15.0000000;0.0000000;5.0000000;3.0000000;5.6680000;2.6150000;-2.6680000;0.3850000;3.0000000;5.0000000;;9.0000000;12.0000000;3.0000000
2.0000000;7.0000000;3.0000000;15.0000000;0.0000000;5.0000000;3.0000000;5.8350000;2.7830000;-2.8350000;0.2170000;3.0000000;4.0000000;;8.0000000;13.0000000;3.0000000
2.0000000;7.0000000;3.0000000;15.0000000;0.0000000;5.0000000;3.0000000;5.8360000;2.7860000;-2.8360000;0.2140000;3.0000000;4.0000000;;8.0000000;13.0000000;3.0000000
2.0000000;6.0000000;3.0000000;15.0000000;0.0000000;4.0000000;3.0000000;5.5780000;2.6320000;-2.5780000;0.3680000;3.0000000;5.0000000;;9.0000000;12.0000000;3.0000000
2.0000000;6.0000000;3.0000000;15.0000000;0.0000000;5.0000000;3.0000000;5.6810000;2.7230000;-2.6810000;0.2770000;3.0000000;4.0000000;;8.0000000;12.0000000;3.0000000
2.0000000;7.0000000;3.0000000;15.0000000;0.0000000;4.0000000;3.0000000;5.6450000;2.7060000;-2.6450000;0.2940000;3.0000000;5.0000000;;9.0000000;12.0000000;3.0000000
2.0000000;6.0000000;3.0000000;15.0000000;0.0000000;4.0000000;3.0000000;5.7950000;2.6360000;-2.7950000;0.3640000;3.0000000;4.0000000;;8.0000000;13.0000000;3.0000000
2.0000000;6.0000000;3.0000000;15.0000000;0.0000000;4.0000000;3.0000000;5.6310000;2.6480000;-2.6310000;0.3520000;3.0000000;4.0000000;;8.0000000;13.0000000;3.0000000
2.0000000;6.0000000;3.0000000;15.0000000;0.0000000;5.0000000;3.0000000;5.7120000;2.7050000;-2.7120000;0.2950000;3.0000000;4.0000000;;9.0000000;13.0000000;3.0000000
2.0000000;6.0000000;3.0000000;15.0000000;0.0000000;5.0000000;3.0000000;5.7120000;2.6990000;-2.7120000;0.3010000;3.0000000;4.0000000;;8.0000000;13.0000000;3.0000000
2.0000000;6.0000000;3.0000000;15.0000000;0.0000000;4.0000000;3.0000000;5.7040000;2.6760000;-2.7040000;0.3240000;3.0000000;4.0000000;;8.0000000;13.0000000;3.0000000
2.0000000;5.0000000;3.0000000;15.0000000;0.0000000;4.0000000;3.0000000;5.5260000;2.6880000;-2.5260000;0.3120000;3.0000000;5.0000000;;8.0000000;13.0000000;3.0000000
2.0000000;6.0000000;3.0000000;15.0000000;0.0000000;4.0000000;3.0000000;5.7170000;2.6740000;-2.7170000;0.3260000;3.0000000;4.0000000;;8.0000000;13.0000000;3.0000000
2.0000000;6.0000000;3.0000000;15.0000000;0.0000000;4.0000000;3.0000000;5.6820000;2.6360000;-2.6820000;0.3640000;3.0000000;4.0000000;;8.0000000;13.0000000;3.0000000
2.0000000;6.0000000;3.0000000;15.0000000;0.0000000;4.0000000;3.0000000;5.7180000;2.6740000;-2.7180000;0.3260000;3.0000000;4.0000000;;8.0000000;13.0000000;3.0000000
2.0000000;6.0000000;3.0000000;15.0000000;0.0000000;5.0000000;3.0000000;5.6330000;2.6710000;-2.6330000;0.3290000;3.0000000;4.0000000;;9.0000000;13.0000000;3.0000000
2.0000000;6.0000000;3.0000000;15.0000000;0.0000000;5.0000000;3.0000000;5.6290000;2.6800000;-2.6290000;0.3200000;3.0000000;4.0000000;;8.0000000;13.0000000;3.0000000
2.0000000;7.0000000;3.0000000;15.0000000;0.0000000;5.0000000;3.0000000;5.6820000;2.7400000;-2.6820000;0.2600000;3.0000000;4.0000000;;9.0000000;13.0000000;3.0000000
2.0000000;6.0000000;3.0000000;15.0000000;0.0000000;4.0000000;3.0000000;5.7550000;2.7220000;-2.7550000;0.2780000;3.0000000;4.0000000;;9.0000000;13.0000000;3.0000000
2.0000000;6.0000000;3.0000000;15.0000000;0.0000000;5.0000000;3.0000000;5.6220000;2.7300000;-2.6220000;0.2700000;3.0000000;4.0000000;;9.0000000;12.0000000;3.0000000
2.0000000;6.0000000;3.0000000;15.0000000;0.0000000;5.0000000;3.0000000;5.6540000;2.7050000;-2.6540000;0.2950000;3.0000000;4.0000000;;9.0000000;13.0000000;3.0000000
2.0000000;6.0000000;3.0000000;15.0000000;0.0000000;5.0000000;3.0000000;5.5220000;2.5440000;-2.5220000;0.4560000;3.0000000;5.0000000;;9.0000000;13.0000000;3.0000000
2.0000000;8.0000000;2.0000000;15.0000000;0.0000000;6.0000000;3.0000000;5.5210000;2.8190000;-2.5210000;0.1810000;3.0000000;3.0000000;;8.0000000;13.0000000;3.0000000
2.0000000;6.0000000;3.0000000;15.0000000;0.0000000;5.0000000;3.0000000;5.5590000;2.5990000;-2.5590000;0.4010000;3.0000000;5.0000000;;9.0000000;12.0000000;3.0000000
2.0000000;9.0000000;2.0000000;15.0000000;0.0000000;7.0000000;3.0000000;5.5210000;2.8800000;-2.5210000;0.1200000;3.0000000;3.0000000;;8.0000000;13.0000000;3.0000000
2.0000000;9.0000000;2.0000000;15.0000000;0.0000000;5.0000000;3.0000000;5.4140000;2.9090000;-2.4140000;0.0910000;3.0000000;3.0000000;;8.0000000;12.0000000;3.0000000
2.0000000;8.0000000;2.0000000;15.0000000;0.0000000;5.0000000;3.0000000;5.8550000;2.9060000;-2.8550000;0.0940000;3.0000000;3.0000000;;8.0000000;13.0000000;3.0000000
2.0000000;9.0000000;2.0000000;15.0000000;0.0000000;5.0000000;3.0000000;5.5190000;2.9060000;-2.5190000;0.0940000;3.0000000;3.0000000;;8.0000000;13.0000000;3.0000000
2.0000000;8.0000000;2.0000000;15.0000000;0.0000000;5.0000000;3.0000000;5.3840000;2.9060000;-2.3840000;0.0940000;3.0000000;3.0000000;;8.0000000;12.0000000;3.0000000
2.0000000;8.0000000;2.0000000;15.0000000;0.0000000;4.0000000;3.0000000;5.4920000;2.8970000;-2.4920000;0.1030000;3.0000000;3.0000000;;8.0000000;13.0000000;3.0000000
2.0000000;8.0000000;2.0000000;15.0000000;0.0000000;5.0000000;3.0000000;5.4600000;2.9020000;-2.4600000;0.0980000;3.0000000;3.0000000;;8.0000000;12.0000000;3.0000000
2.0000000;9.0000000;2.0000000;15.0000000;0.0000000;5.0000000;3.0000000;5.4810000;2.9200000;-2.4810000;0.0800000;3.0000000;3.0000000;;8.0000000;12.0000000;3.0000000
2.0000000;8.0000000;2.0000000;15.0000000;0.0000000;5.0000000;3.0000000;5.3860000;2.9060000;-2.3860000;0.0940000;3.0000000;3.0000000;;8.0000000;12.0000000;3.0000000
2.0000000;5.0000000;3.0000000;15.0000000;0.0000000;4.0000000;3.0000000;5.6280000;2.2660000;-2.6280000;0.7340000;3.0000000;7.0000000;;9.0000000;13.0000000;3.0000000
2.0000000;9.0000000;2.0000000;15.0000000;0.0000000;7.0000000;3.0000000;5.5350000;2.9090000;-2.5350000;0.0910000;3.0000000;3.0000000;;8.0000000;13.0000000;3.0000000
2.0000000;8.0000000;2.0000000;15.0000000;0.0000000;5.0000000;3.0000000;5.5140000;2.8330000;-2.5140000;0.1670000;3.0000000;3.0000000;;8.0000000;13.0000000;3.0000000
2.0000000;9.0000000;2.0000000;15.0000000;0.0000000;6.0000000;3.0000000;5.3690000;2.8340000;-2.3690000;0.1660000;3.0000000;3.0000000;;8.0000000;12.0000000;3.0000000
2.0000000;8.0000000;2.0000000;15.0000000;0.0000000;6.0000000;3.0000000;5.8540000;2.8140000;-2.8540000;0.1860000;3.0000000;3.0000000;;8.0000000;13.0000000;3.0000000
2.0000000;8.0000000;2.0000000;15.0000000;0.0000000;6.0000000;3.0000000;5.3800000;2.8140000;-2.3800000;0.1860000;3.0000000;3.0000000;;8.0000000;12.0000000;3.0000000
2.0000000;9.0000000;2.0000000;15.0000000;0.0000000;6.0000000;3.0000000;5.5100000;2.8160000;-2.5100000;0.1840000;3.0000000;3.0000000;;8.0000000;13.0000000;3.0000000
2.0000000;8.0000000;2.0000000;15.0000000;0.0000000;6.0000000;3.0000000;5.3610000;2.7930000;-2.3610000;0.2070000;3.0000000;3.0000000;;8.0000000;12.0000000;3.0000000
2.0000000;10.0000000;2.0000000;15.0000000;0.0000000;7.0000000;3.0000000;5.3730000;2.9120000;-2.3730000;0.0880000;3.0000000;3.0000000;;8.0000000;12.0000000;3.0000000
2.0000000;7.0000000;2.0000000;15.0000000;0.0000000;4.0000000;3.0000000;5.5210000;2.8840000;-2.5210000;0.1160000;3.0000000;3.0000000;;8.0000000;12.0000000;3.0000000
2.0000000;9.0000000;2.0000000;15.0000000;0.0000000;7.0000000;3.0000000;5.4140000;2.8910000;-2.4140000;0.1090000;3.0000000;3.0000000;;8.0000000;12.0000000;3.0000000
2.0000000;9.0000000;2.0000000;15.0000000;0.0000000;6.0000000;3.0000000;5.3670000;2.9200000;-2.3670000;0.0800000;3.0000000;3.0000000;;8.0000000;12.0000000;3.0000000
2.0000000;9.0000000;2.0000000;15.0000000;0.0000000;7.0000000;3.0000000;5.3800000;2.9090000;-2.3800000;0.0910000;3.0000000;3.0000000;;8.0000000;12.0000000;3.0000000
2.0000000;8.0000000;2.0000000;15.0000000;0.0000000;8.0000000;3.0000000;5.8560000;2.8990000;-2.8560000;0.1010000;3.0000000;3.0000000;;8.0000000;13.0000000;3.0000000
2.0000000;8.0000000;2.0000000;15.0000000;0.0000000;8.0000000;3.0000000;5.8480000;2.9060000;-2.8480000;0.0940000;3.0000000;3.0000000;;8.0000000;13.0000000;3.0000000
2.0000000;8.0000000;2.0000000;15.0000000;0.0000000;8.0000000;3.0000000;5.3740000;2.9060000;-2.3740000;0.0940000;3.0000000;3.0000000;;8.0000000;12.0000000;3.0000000
2.0000000;8.0000000;2.0000000;15.0000000;0.0000000;8.0000000;3.0000000;5.3860000;2.9060000;-2.3860000;0.0940000;3.0000000;3.0000000;;8.0000000;12.0000000;3.0000000
2.0000000;9.0000000;2.0000000;15.0000000;0.0000000;8.0000000;3.0000000;5.5190000;2.9060000;-2.5190000;0.0940000;3.0000000;3.0000000;;8.0000000;13.0000000;3.0000000
2.0000000;8.0000000;2.0000000;15.0000000;0.0000000;8.0000000;3.0000000;5.3800000;2.9020000;-2.3800000;0.0980000;3.0000000;3.0000000;;8.0000000;12.0000000;3.0000000
2.0000000;9.0000000;2.0000000;15.0000000;0.0000000;8.0000000;3.0000000;5.5100000;2.8970000;-2.5100000;0.1030000;3.0000000;3.0000000;;8.0000000;13.0000000;3.0000000
2.0000000;7.0000000;2.0000000;15.0000000;0.0000000;7.0000000;3.0000000;5.4330000;2.8510000;-2.4330000;0.1490000;3.0000000;3.0000000;;8.0000000;12.0000000;3.0000000
2.0000000;9.0000000;2.0000000;15.0000000;0.0000000;5.0000000;3.0000000;5.5350000;2.9090000;-2.5350000;0.0910000;3.0000000;3.0000000;;8.0000000;13.0000000;3.0000000
2.0000000;9.0000000;2.0000000;15.0000000;0.0000000;5.0000000;3.0000000;5.5140000;2.9120000;-2.5140000;0.0880000;3.0000000;3.0000000;;8.0000000;13.0000000;3.0000000
2.0000000;10.0000000;2.0000000;15.0000000;0.0000000;5.0000000;3.0000000;5.4140000;2.9120000;-2.4140000;0.0880000;3.0000000;3.0000000;;8.0000000;12.0000000;3.0000000
2.0000000;8.0000000;3.0000000;15.0000000;0.0000000;8.0000000;3.0000000;6.0000000;2.8270000;-3.0000000;0.1730000;3.0000000;4.0000000;;8.0000000;15.0000000;3.0000000
2.0000000;6.0000000;3.0000000;15.0000000;0.0000000;6.0000000;3.0000000;6.0000000;2.6040000;-3.0000000;0.3960000;3.0000000;6.0000000;;8.0000000;15.0000000;3.0000000
2.0000000;8.0000000;3.0000000;15.0000000;0.0000000;8.0000000;3.0000000;5.9560000;2.8270000;-2.9560000;0.1730000;3.0000000;4.0000000;;8.0000000;14.0000000;3.0000000
2.0000000;5.0000000;3.0000000;15.0000000;0.0000000;5.0000000;3.0000000;5.6180000;2.3030000;-2.6180000;0.6970000;3.0000000;5.0000000;;9.0000000;12.0000000;3.0000000
2.0000000;6.0000000;3.0000000;15.0000000;0.0000000;5.0000000;3.0000000;5.6460000;2.6460000;-2.6460000;0.3540000;3.0000000;5.0000000;;9.0000000;12.0000000;3.0000000
2.0000000;5.0000000;3.0000000;15.0000000;0.0000000;5.0000000;3.0000000;6.0000000;2.2880000;-3.0000000;0.7120000;3.0000000;6.0000000;;8.0000000;15.0000000;3.0000000
2.0000000;5.0000000;3.0000000;15.0000000;0.0000000;5.0000000;3.0000000;5.6180000;2.2360000;-2.6180000;0.7640000;3.0000000;7.0000000;;9.0000000;12.0000000;3.0000000
2.0000000;5.0000000;3.0000000;15.0000000;0.0000000;5.0000000;3.0000000;6.0000000;2.4970000;-3.0000000;0.5030000;3.0000000;6.0000000;;8.0000000;15.0000000;3.0000000
